UID,iso2,iso3,code3,FIPS,Admin2,Province_State,Country_Region,Lat,Long_,Combined_Key,01/22/20,01/23/20,01/24/20,01/25/20,01/26/20,01/27/20,01/28/20,01/29/20,01/30/20,01/31/20,02/01/20,02/02/20,02/03/20,02/04/20,02/05/20,02/06/20,02/07/20,02/08/20,02/09/20,02/10/20,02/11/20,02/12/20,02/13/20,02/14/20,02/15/20,02/16/20,02/17/20,02/18/20,02/19/20,02/20/20,02/21/20,02/22/20,02/23/20,02/24/20,02/25/20,02/26/20,02/27/20,02/28/20,02/29/20,03/01/20,03/02/20,03/03/20,03/04/20,03/05/20,03/06/20,03/07/20,03/08/20,03/09/20,03/10/20,03/11/20,03/12/20,03/13/20,03/14/20,03/15/20,03/16/20,03/17/20,03/18/20,03/19/20,03/20/20,03/21/20,03/22/20,03/23/20,03/24/20,03/25/20,03/26/20,03/27/20,03/28/20,03/29/20,03/30/20,03/31/20,04/01/20,04/02/20,04/03/20,04/04/20,04/05/20,04/06/20,04/07/20,04/08/20,04/09/20,04/10/20,04/11/20,04/12/20,04/13/20,04/14/20,04/15/20,04/16/20,04/17/20,04/18/20,04/19/20,04/20/20,04/21/20,04/22/20,04/23/20,04/24/20,04/25/20,04/26/20,04/27/20,04/28/20,04/29/20,04/30/20,05/01/20,05/02/20,05/03/20,05/04/20,05/05/20,05/06/20,05/07/20,05/08/20,05/09/20,05/10/20,05/11/20,05/12/20,05/13/20,05/14/20,05/15/20,05/16/20,05/17/20,05/18/20,05/19/20,05/20/20,05/21/20,05/22/20,05/23/20,05/24/20,05/25/20,05/26/20,05/27/20,05/28/20,05/29/20,05/30/20,05/31/20
,,,,,,Altayskiy kray,Russia,52.129671,82.530013,"Altayskiy kray,Russia",0,0,0,0,0,0,0,0,0,0,0,0,0,0,0,0,0,0,0,0,0,0,0,0,0,0,0,0,0,0,0,0,0,0,0,0,0,0,0,0,0,0,0,0,0,0,0,0,0,0,0,0,0,0,0,0,0,0,0,0,0,0,0,0,0,0,0,0,1,2,3,4,4,7,7,12,12,18,21,21,29,29,31,36,39,48,53,63,72,84,127,136,144,152,215,283,310,324,348,382,423,451,498,534,555,588,605,621,641,669,707,727,770,809,847,885,925,970,1014,1054,1111,1185,1254,1325,1406,1485,1554,1633,1708,1779,1848
,,,,,,Amursk oblast,Russia,53.413341,127.72806399999999,"Amursk oblast,Russia",0,0,0,0,0,0,0,0,0,0,0,0,0,0,0,0,0,0,0,0,0,0,0,0,0,0,0,0,0,0,0,0,0,0,0,0,0,0,0,0,0,0,0,0,0,0,0,0,0,0,0,0,0,0,0,0,0,0,0,0,0,0,0,0,0,0,0,1,1,1,1,1,1,4,4,4,4,4,4,4,6,17,6,6,6,9,11,14,16,20,20,23,25,28,33,36,40,41,46,56,67,72,79,84,98,106,112,123,135,140,152,169,182,194,204,212,222,238,247,277,294,317,340,355,385,401,414,433,461,486,506
,,,,,,Arkhangelsk oblast,Russia,64,44,"Arkhangelsk oblast,Russia",0,0,0,0,0,0,0,0,0,0,0,0,0,0,0,0,0,0,0,0,0,0,0,0,0,0,0,0,0,0,0,0,0,0,0,0,0,0,0,0,0,0,0,0,0,0,0,0,0,0,0,0,0,0,0,0,0,0,0,0,0,0,0,3,3,3,3,3,7,7,7,7,8,8,8,14,14,14,24,24,24,24,31,32,32,33,34,39,107,114,118,120,123,137,147,167,175,181,185,198,213,238,260,299,305,329,354,372,400,425,457,494,513,554,586,638,688,720,792,817,858,888,925,1020,1146,1315,1410,1537,1638,1796,1933
,,,,,,Astrahan oblast,Russia,46.851463,47.466189,"Astrahan oblast,Russia",0,0,0,0,0,0,0,0,0,0,0,0,0,0,0,0,0,0,0,0,0,0,0,0,0,0,0,0,0,0,0,0,0,0,0,0,0,0,0,0,0,0,0,0,0,0,0,0,0,0,0,0,0,0,0,0,0,0,0,0,0,0,0,0,0,0,0,0,0,2,2,2,5,5,5,5,5,5,21,21,21,29,30,30,47,60,64,99,123,136,137,148,165,186,211,277,298,306,350,365,384,411,487,504,535,564,589,629,673,731,764,806,850,895,945,984,1029,1065,1099,1154,1202,1247,1298,1348,1501,1558,1596,1614,1654,1693,1752
,,,,,,Belgorod oblast,Russia,50.61074,36.58015,"Belgorod oblast,Russia",0,0,0,0,0,0,0,0,0,0,0,0,0,0,0,0,0,0,0,0,0,0,0,0,0,0,0,0,0,0,0,0,0,0,0,0,0,0,0,0,0,0,0,0,0,0,0,0,0,0,0,0,0,0,0,0,0,0,0,0,0,0,0,1,1,1,1,2,5,5,5,6,6,7,7,11,14,18,18,26,26,31,31,41,45,58,70,81,90,112,122,144,176,202,221,242,269,299,327,355,383,419,454,485,524,540,574,613,659,707,798,852,942,994,1073,1149,1222,1292,1361,1428,1499,1581,1654,1736,1825,1901,1980,2059,2140,2223,2310
,,,,,,Briansk oblast,Russia,53.25209,34.37167,"Briansk oblast,Russia",0,0,0,0,0,0,0,0,0,0,0,0,0,0,0,0,0,0,0,0,0,0,0,0,0,0,0,0,0,0,0,0,0,0,0,0,0,0,0,0,0,0,0,0,0,0,0,0,0,0,0,0,0,0,0,0,0,0,0,0,0,0,0,2,2,2,3,3,3,3,5,5,7,19,19,24,56,57,97,97,123,141,142,142,164,201,228,256,279,321,350,399,459,494,521,599,642,668,783,901,989,1062,1148,1250,1287,1367,1442,1514,1537,1605,1678,1753,1826,1908,1995,2080,2178,2293,2405,2515,2632,2737,2840,2951,3057,3156,3254,3363,3473,3578,3685
,,,,,,Vladimir oblast,Russia,55.904194999999994,40.898894,"Vladimir oblast,Russia",0,0,0,0,0,0,0,0,0,0,0,0,0,0,0,0,0,0,0,0,0,0,0,0,0,0,0,0,0,0,0,0,0,0,0,0,0,0,0,0,0,0,0,0,0,0,0,0,0,0,0,0,0,0,0,0,0,0,0,0,0,0,0,0,0,0,0,0,2,2,3,3,3,3,3,5,12,14,38,42,48,71,84,100,145,159,183,198,225,259,280,293,339,381,426,475,518,597,634,669,715,775,830,896,944,1001,1079,1124,1166,1249,1326,1387,1459,1504,1592,1657,1738,1837,1920,1986,2043,2120,2194,2253,2322,2379,2434,2495,2554,2617,2676
,,,,,,Volgograd oblast,Russia,48.719390000000004,44.50183,"Volgograd oblast,Russia",0,0,0,0,0,0,0,0,0,0,0,0,0,0,0,0,0,0,0,0,0,0,0,0,0,0,0,0,0,0,0,0,0,0,0,0,0,0,0,0,0,0,0,0,0,0,0,0,0,0,0,0,0,0,0,0,0,0,0,0,0,0,0,1,1,4,4,4,4,4,8,8,8,8,8,15,26,26,26,28,33,38,44,46,47,58,62,79,93,111,134,145,165,186,212,242,272,297,313,344,386,432,474,516,578,647,711,791,893,1012,1061,1135,1259,1355,1445,1531,1596,1661,1747,1831,1913,2002,2109,2207,2296,2384,2470,2581,2714,2868,3026
,,,,,,Vologda oblast,Russia,59.535619,38.817766999999996,"Vologda oblast,Russia",0,0,0,0,0,0,0,0,0,0,0,0,0,0,0,0,0,0,0,0,0,0,0,0,0,0,0,0,0,0,0,0,0,0,0,0,0,0,0,0,0,0,0,0,0,0,0,0,0,0,0,0,0,0,0,0,0,0,0,0,0,0,0,0,0,0,0,0,2,2,9,12,12,13,13,23,23,27,35,38,39,42,43,50,52,67,77,86,93,100,107,114,120,129,138,145,155,160,166,173,184,199,219,223,230,236,241,253,267,286,298,317,334,346,361,398,431,454,477,502,528,562,603,643,665,699,774,833,860,882,929
,,,,,,Voronezh oblast,Russia,51.67204,39.1843,"Voronezh oblast,Russia",0,0,0,0,0,0,0,0,0,0,0,0,0,0,0,0,0,0,0,0,0,0,0,0,0,0,0,0,0,0,0,0,0,0,0,0,0,0,0,0,0,0,0,0,0,0,0,0,0,0,0,0,0,0,0,0,0,0,0,0,0,0,0,6,6,6,6,6,6,8,12,12,12,14,14,23,23,33,33,37,37,49,60,68,75,89,108,130,156,180,211,236,261,291,313,338,358,420,459,493,529,565,602,636,667,697,731,766,809,848,899,943,983,1028,1074,1113,1151,1195,1246,1266,1307,1362,1419,1463,1518,1581,1643,1753,1857,1946,2028
,,,,,,Jewish Autonomous oblast,Russia,48.522902,132.25761200000002,"Jewish Autonomous oblast,Russia",0,0,0,0,0,0,0,0,0,0,0,0,0,0,0,0,0,0,0,0,0,0,0,0,0,0,0,0,0,0,0,0,0,0,0,0,0,0,0,0,0,0,0,0,0,0,0,0,0,0,0,0,0,0,0,0,0,0,0,0,0,0,0,0,0,0,0,0,0,0,0,0,0,3,3,3,3,6,6,8,8,8,9,9,9,10,16,19,20,22,43,52,66,80,86,86,101,113,118,124,131,134,143,145,148,153,159,170,175,179,185,188,212,218,222,225,230,230,236,246,261,262,263,266,267,272,274,281,288,299,309
,,,,,,Zabaykalskiy kray,Russia,52,117,"Zabaykalskiy kray,Russia",0,0,0,0,0,0,0,0,0,0,0,0,0,0,0,0,0,0,0,0,0,0,0,0,0,0,0,0,0,0,0,0,0,0,0,0,0,0,0,0,0,0,0,0,0,0,0,0,0,0,0,0,0,0,0,0,0,0,0,0,0,0,0,1,1,1,1,1,1,1,1,1,1,1,1,1,1,4,4,4,4,8,14,14,14,28,30,33,34,43,50,61,64,73,83,90,96,103,109,114,134,155,167,198,215,238,254,262,272,305,344,364,386,432,454,486,510,550,595,615,646,684,727,758,817,879,938,991,1019,1052,1097
,,,,,,Ivanovo oblast,Russia,56.99719,40.97139,"Ivanovo oblast,Russia",0,0,0,0,0,0,0,0,0,0,0,0,0,0,0,0,0,0,0,0,0,0,0,0,0,0,0,0,0,0,0,0,0,0,0,0,0,0,0,0,0,0,0,0,0,0,0,0,0,0,0,0,0,0,0,0,0,0,0,0,0,0,0,1,1,2,7,7,9,9,11,11,13,23,23,33,47,47,60,60,62,80,86,96,121,136,149,164,183,203,213,225,239,247,263,274,282,296,327,359,403,434,456,485,517,537,595,653,679,758,843,911,921,1023,1124,1192,1245,1291,1313,1360,1415,1463,1505,1566,1602,1639,1686,1745,1813,1900,1977
,,,,,,Irkutsk oblast,Russia,57.10029399999999,106.36330500000001,"Irkutsk oblast,Russia",0,0,0,0,0,0,0,0,0,0,0,0,0,0,0,0,0,0,0,0,0,0,0,0,0,0,0,0,0,0,0,0,0,0,0,0,0,0,0,0,0,0,0,0,0,0,0,0,0,0,0,0,0,0,0,0,0,0,0,0,0,0,0,0,0,0,0,1,2,3,3,7,8,8,8,11,14,14,17,21,23,28,35,39,39,45,47,54,55,65,68,75,75,80,85,87,87,95,101,105,123,130,150,177,200,231,237,255,271,289,313,333,353,379,474,499,526,601,698,746,780,863,958,1078,1194,1306,1376,1438,1498,1660,1750
,,,,,,Republic of Kabardino-Balkaria,Russia,43.355,42.439170000000004,"Republic of Kabardino-Balkaria,Russia",0,0,0,0,0,0,0,0,0,0,0,0,0,0,0,0,0,0,0,0,0,0,0,0,0,0,0,0,0,0,0,0,0,0,0,0,0,0,0,0,0,0,0,0,0,0,0,0,0,0,0,0,0,0,0,0,0,0,0,0,0,0,0,4,4,4,4,4,6,6,8,8,8,8,8,8,13,23,23,27,30,35,50,50,50,69,92,114,136,152,170,193,218,243,272,300,329,367,412,456,499,544,634,739,820,925,1008,1089,1168,1245,1325,1401,1475,1548,1619,1690,1759,1824,1886,1952,2020,2091,2171,2251,2334,2422,2509,2592,2673,2750,2827
,,,,,,Kaliningrad oblast,Russia,54.70649,20.51095,"Kaliningrad oblast,Russia",0,0,0,0,0,0,0,0,0,0,0,0,0,0,0,0,0,0,0,0,0,0,0,0,0,0,0,0,0,0,0,0,0,0,0,0,0,0,0,0,0,0,0,0,0,0,0,0,0,0,0,0,0,0,0,0,0,0,0,0,0,0,0,8,8,8,11,11,12,12,12,19,19,19,19,19,48,49,52,62,65,70,74,79,84,92,104,115,126,138,144,163,171,189,210,236,264,303,326,358,395,438,479,524,566,583,599,637,671,713,753,772,812,848,881,916,952,978,1010,1042,1076,1117,1158,1201,1244,1294,1338,1376,1409,1460,1508
,,,,,,Kaluga oblast,Russia,54.5293,36.275420000000004,"Kaluga oblast,Russia",0,0,0,0,0,0,0,0,0,0,0,0,0,0,0,0,0,0,0,0,0,0,0,0,0,0,0,0,0,0,0,0,0,0,0,0,0,0,0,0,0,0,0,0,0,0,0,0,0,0,0,0,0,0,0,0,0,0,0,0,0,0,0,2,2,2,2,2,3,3,3,5,5,6,6,7,11,11,11,18,24,24,34,49,74,102,122,151,188,228,258,330,383,444,513,583,639,706,772,885,1006,1065,1136,1217,1309,1407,1486,1564,1641,1730,1828,1924,2018,2115,2213,2312,2409,2518,2632,2750,2871,2998,3123,3246,3354,3459,3560,3653,3744,3834,3923
,,,,,,Kamchatskiy kray,Russia,61.350179000000004,169.782981,"Kamchatskiy kray,Russia",0,0,0,0,0,0,0,0,0,0,0,0,0,0,0,0,0,0,0,0,0,0,0,0,0,0,0,0,0,0,0,0,0,0,0,0,0,0,0,0,0,0,0,0,0,0,0,0,0,0,0,0,0,0,0,0,0,0,0,0,0,0,0,0,0,0,0,0,0,0,0,0,0,0,0,2,2,2,5,5,10,10,10,10,10,21,29,29,34,41,48,63,78,84,87,110,195,203,241,265,281,286,311,339,347,348,350,353,363,376,384,398,418,429,443,461,477,495,515,536,554,572,595,627,658,678,700,725,759,805,849
,,,,,,Republic of Karachaevo-Cherkessia,Russia,43.770947,41.753928,"Republic of Karachaevo-Cherkessia,Russia",0,0,0,0,0,0,0,0,0,0,0,0,0,0,0,0,0,0,0,0,0,0,0,0,0,0,0,0,0,0,0,0,0,0,0,0,0,0,0,0,0,0,0,0,0,0,0,0,0,0,0,0,0,0,0,0,0,0,0,0,0,0,0,0,0,0,0,0,0,0,0,0,0,0,0,0,3,5,6,9,9,11,13,16,23,30,49,50,67,87,106,145,169,194,240,282,301,314,330,352,398,412,430,441,453,457,463,478,509,527,539,549,561,588,614,632,651,666,677,689,701,712,732,757,783,814,853,895,951,1005,1067
,,,,,,Kemerovo oblast,Russia,55.333330000000004,86.08333,"Kemerovo oblast,Russia",0,0,0,0,0,0,0,0,0,0,0,0,0,0,0,0,0,0,0,0,0,0,0,0,0,0,0,0,0,0,0,0,0,0,0,0,0,0,0,0,0,0,0,0,0,0,0,0,0,0,0,0,0,0,0,0,0,0,0,0,0,0,0,2,3,3,3,3,3,3,3,3,3,3,3,5,5,7,7,11,12,12,14,14,15,18,22,26,35,41,47,56,67,76,82,103,107,111,114,126,128,142,153,166,166,180,198,204,214,233,251,260,269,282,296,307,321,328,333,342,365,377,391,406,418,431,444,462,482,495,520
,,,,,,Kirov oblast,Russia,58.59665,49.660070000000005,"Kirov oblast,Russia",0,0,0,0,0,0,0,0,0,0,0,0,0,0,0,0,0,0,0,0,0,0,0,0,0,0,0,0,0,0,0,0,0,0,0,0,0,0,0,0,0,0,0,0,0,0,0,0,0,0,0,0,0,0,0,0,0,0,0,0,0,0,0,7,7,8,8,9,12,12,12,12,15,18,18,18,20,20,28,29,35,36,51,51,64,73,91,111,150,169,188,216,240,276,316,362,388,423,466,493,511,543,585,618,644,661,686,718,761,807,835,876,896,911,932,967,1001,1008,1020,1064,1091,1161,1191,1259,1323,1370,1438,1495,1551,1629,1683
,,,,,,Kostroma oblast,Russia,58.456003,43.788495000000005,"Kostroma oblast,Russia",0,0,0,0,0,0,0,0,0,0,0,0,0,0,0,0,0,0,0,0,0,0,0,0,0,0,0,0,0,0,0,0,0,0,0,0,0,0,0,0,0,0,0,0,0,0,0,0,0,0,0,0,0,0,0,0,0,0,0,0,0,0,0,0,0,0,1,1,1,3,3,3,3,8,8,9,9,9,12,15,15,18,18,18,27,38,47,53,66,70,81,88,104,120,137,148,158,180,193,211,227,241,253,266,278,293,311,333,343,357,372,384,402,433,452,460,477,487,500,516,527,540,560,567,580,601,617,656,691,719,758
,,,,,,Krasnodarskiy kray,Russia,44.98811,38.97675,"Krasnodarskiy kray,Russia",0,0,0,0,0,0,0,0,0,0,0,0,0,0,0,0,0,0,0,0,0,0,0,0,0,0,0,0,0,0,0,0,0,0,0,0,0,0,0,0,0,0,0,0,0,0,0,0,0,0,0,0,0,0,0,0,0,0,0,0,0,0,0,9,9,9,17,17,17,17,22,22,39,39,39,50,61,85,105,125,138,169,210,215,239,260,290,335,383,417,461,481,539,623,707,780,837,888,951,1017,1083,1162,1244,1340,1437,1534,1633,1732,1830,1929,2027,2126,2222,2319,2418,2510,2605,2699,2792,2883,2974,3066,3155,3247,3337,3426,3506,3582,3662,3744,3824
,,,,,,Krasnoyarskiy kray,Russia,58,93,"Krasnoyarskiy kray,Russia",0,0,0,0,0,0,0,0,0,0,0,0,0,0,0,0,0,0,0,0,0,0,0,0,0,0,0,0,0,0,0,0,0,0,0,0,0,0,0,0,0,0,0,0,0,0,0,0,0,0,0,0,0,0,0,0,0,0,0,0,0,0,0,5,8,8,12,12,14,14,20,25,25,25,29,32,32,39,39,39,60,85,110,131,142,202,231,276,300,306,370,392,427,449,467,508,527,574,609,666,714,764,781,823,868,910,933,964,1070,1143,1201,1428,1521,1542,1590,1651,1765,1872,1941,2445,2821,2971,3119,3265,3410,3558,3700,3847,3985,4121,4249
,,,,,,Kurgan oblast,Russia,55.45,65.33333,"Kurgan oblast,Russia",0,0,0,0,0,0,0,0,0,0,0,0,0,0,0,0,0,0,0,0,0,0,0,0,0,0,0,0,0,0,0,0,0,0,0,0,0,0,0,0,0,0,0,0,0,0,0,0,0,0,0,0,0,0,0,0,0,0,0,0,0,0,0,1,1,1,1,1,1,1,1,1,1,2,2,2,2,3,3,3,3,4,4,4,10,11,12,13,13,13,15,15,20,22,27,29,31,33,39,40,45,49,51,52,55,56,61,65,71,73,79,84,86,95,103,109,111,119,130,133,150,169,177,179,183,189,192,199,202,218,231
,,,,,,Kursk oblast,Russia,51.535008000000005,36.121347,"Kursk oblast,Russia",0,0,0,0,0,0,0,0,0,0,0,0,0,0,0,0,0,0,0,0,0,0,0,0,0,0,0,0,0,0,0,0,0,0,0,0,0,0,0,0,0,0,0,0,0,0,0,0,0,0,0,0,0,0,0,0,0,0,0,0,0,0,0,0,0,0,0,0,0,0,3,3,4,4,4,4,4,10,20,21,42,43,58,58,89,120,145,170,196,220,242,276,308,345,389,456,525,590,658,726,792,861,928,997,1062,1129,1197,1268,1339,1410,1484,1554,1621,1697,1777,1855,1936,2015,2095,2177,2258,2339,2422,2507,2581,2648,2719,2787,2851,2922,3000
,,,,,,Leningradskaya oblast,Russia,60,32,"Leningradskaya oblast,Russia",0,0,0,0,0,0,0,0,0,0,0,0,0,0,0,0,0,0,0,0,0,0,0,0,0,0,0,0,0,0,0,0,0,0,0,0,0,0,0,0,0,0,0,0,0,0,0,0,0,0,0,0,0,0,0,0,0,0,0,0,0,0,0,3,3,3,7,9,11,14,20,31,41,47,57,62,62,94,112,129,134,139,155,190,298,330,354,388,417,454,496,537,576,615,658,700,743,781,834,885,929,975,1037,1096,1149,1200,1263,1354,1433,1500,1566,1640,1706,1775,1841,1913,1982,2052,2133,2208,2269,2323,2380,2437,2495,2553,2609,2660,2713,2768,2822
,,,,,,Lipetsk oblast,Russia,52.60311,39.57076,"Lipetsk oblast,Russia",0,0,0,0,0,0,0,0,0,0,0,0,0,0,0,0,0,0,0,0,0,0,0,0,0,0,0,0,0,0,0,0,0,0,0,0,0,0,0,0,0,0,0,0,0,0,0,0,0,0,0,0,0,0,0,0,0,0,0,0,0,0,0,5,5,5,8,9,10,10,11,15,18,18,18,26,26,44,48,55,58,63,69,74,85,96,108,129,149,169,189,213,238,263,284,306,330,356,384,415,446,481,520,563,610,656,703,752,801,849,897,944,990,1036,1083,1133,1186,1240,1298,1377,1439,1503,1568,1633,1696,1764,1836,1906,1976,2048,2123
,,,,,,Magadan oblast,Russia,62.575815000000006,154.036835,"Magadan oblast,Russia",0,0,0,0,0,0,0,0,0,0,0,0,0,0,0,0,0,0,0,0,0,0,0,0,0,0,0,0,0,0,0,0,0,0,0,0,0,0,0,0,0,0,0,0,0,0,0,0,0,0,0,0,0,0,0,0,0,0,0,0,0,0,0,0,0,0,0,0,0,1,1,1,1,1,1,1,1,1,1,1,1,1,2,3,3,18,18,62,63,63,65,67,76,78,87,88,91,92,99,101,110,114,116,116,131,136,138,146,154,155,155,157,162,163,171,174,186,189,196,201,206,209,218,223,223,227,228,230,238,238,243
,,,,,,Moscow,Russia,55.752219999999994,37.615559999999995,"Moscow,Russia",0,0,0,0,0,0,0,0,0,0,0,0,0,0,0,0,0,0,0,0,0,0,0,0,0,0,0,0,0,0,0,0,0,0,0,0,0,0,0,0,0,0,0,0,5,5,5,8,8,14,18,23,32,32,52,56,87,99,132,138,191,262,290,410,546,703,817,1014,1226,1613,1880,2475,2923,3357,3893,4484,5181,5841,6698,7822,8852,10158,11513,13002,14776,16146,18105,20754,24324,26350,29433,31981,33940,36897,39509,42480,45351,48426,50646,53739,57300,62658,68606,74401,80115,85973,92676,98522,104189,109740,115909,121301,126004,130716,135464,138969,142824,146062,149607,152306,155219,158207,161397,163913,166473,169303,171443,173497,175829,178196,180791
,,,,,,Moscow oblast,Russia,55.81363,36.71631,"Moscow oblast,Russia",0,0,0,0,0,0,0,0,0,0,0,0,0,0,0,0,0,0,0,0,0,0,0,0,0,0,0,0,0,0,0,0,0,0,0,0,0,0,0,0,0,0,0,0,0,0,0,0,0,0,0,0,0,0,0,0,0,0,0,0,0,0,0,41,41,49,85,112,119,119,134,177,211,260,305,387,454,549,748,930,1082,1360,1855,2315,2587,3054,3526,3954,4663,5241,5959,6590,7278,7889,8494,9070,9708,10231,10917,11710,12507,13314,14136,14939,15761,16590,17432,18350,19425,20558,21637,22700,23662,24580,25525,26462,27369,28290,29188,30091,30983,31807,32653,33515,34346,35163,35956,36730,37503,38238,38995
,,,,,,Murmansk oblast,Russia,68.97917,33.09251,"Murmansk oblast,Russia",0,0,0,0,0,0,0,0,0,0,0,0,0,0,0,0,0,0,0,0,0,0,0,0,0,0,0,0,0,0,0,0,0,0,0,0,0,0,0,0,0,0,0,0,0,0,0,0,0,0,0,0,0,0,0,0,0,0,0,0,0,0,0,1,1,1,1,3,5,11,11,15,15,15,15,18,18,43,44,67,67,128,128,128,265,306,314,321,354,400,435,506,603,663,856,961,989,1056,1126,1227,1313,1456,1694,1974,2101,2237,2272,2322,2340,2371,2416,2428,2471,2492,2551,2644,2654,2666,2684,2714,2781,2834,2868,2900,2936,2981,3030,3076,3136,3181,3222
,,,,,,Nenetskiy autonomous oblast,Russia,67.714212,54.365062,"Nenetskiy autonomous oblast,Russia",0,0,0,0,0,0,0,0,0,0,0,0,0,0,0,0,0,0,0,0,0,0,0,0,0,0,0,0,0,0,0,0,0,0,0,0,0,0,0,0,0,0,0,0,0,0,0,0,0,0,0,0,0,0,0,0,0,0,0,0,0,0,0,0,0,0,0,0,0,0,0,0,0,0,0,0,0,0,0,0,0,0,0,0,1,1,1,1,1,1,1,1,1,1,1,2,11,29,30,33,34,34,45,47,47,47,48,49,49,49,50,50,50,50,52,52,54,54,57,58,59,60,62,62,62,64,66,68,69,71,72
,,,,,,Nizhegorodskaya oblast,Russia,56.328669999999995,44.00205,"Nizhegorodskaya oblast,Russia",0,0,0,0,0,0,0,0,0,0,0,0,0,0,0,0,0,0,0,0,0,0,0,0,0,0,0,0,0,0,0,0,0,0,0,0,0,0,0,0,0,0,0,0,0,0,0,0,0,0,0,0,0,0,0,0,0,0,0,0,0,0,0,8,8,8,11,11,11,12,12,25,25,25,47,56,56,80,87,119,152,194,224,292,339,404,458,517,646,759,860,929,1002,1096,1214,1367,1574,1663,1794,1944,2123,2443,2695,2852,3026,3298,3610,3886,4180,4442,4733,5087,5358,5596,5903,6132,6413,6692,6952,7209,7413,7615,7826,8047,8276,8504,8735,8963,9244,9533,9834
,,,,,,Novgorod oblast,Russia,56.328669999999995,44.00205,"Novgorod oblast,Russia",0,0,0,0,0,0,0,0,0,0,0,0,0,0,0,0,0,0,0,0,0,0,0,0,0,0,0,0,0,0,0,0,0,0,0,0,0,0,0,0,0,0,0,0,0,0,0,0,0,0,0,0,0,0,0,0,0,0,0,0,0,0,0,1,1,1,1,3,3,3,3,3,3,3,3,5,5,5,12,18,18,18,26,26,26,53,74,80,98,108,114,140,157,171,186,211,244,254,266,279,297,322,348,372,399,417,438,457,469,497,514,541,555,570,584,598,631,652,685,695,727,749,784,844,914,1003,1049,1094,1167,1230,1281
,,,,,,Novosibirsk oblast,Russia,55.0415,82.9346,"Novosibirsk oblast,Russia",0,0,0,0,0,0,0,0,0,0,0,0,0,0,0,0,0,0,0,0,0,0,0,0,0,0,0,0,0,0,0,0,0,0,0,0,0,0,0,0,0,0,0,0,0,0,0,0,0,0,0,0,0,0,0,0,0,0,0,0,0,0,0,4,5,5,7,8,9,9,10,10,10,10,11,11,11,13,18,21,28,28,36,36,53,64,76,86,108,132,135,151,168,209,247,305,347,407,436,471,526,569,620,681,746,809,876,949,1025,1100,1171,1226,1300,1376,1447,1511,1581,1652,1728,1805,1881,1960,2043,2124,2213,2300,2397,2493,2596,2705,2809
,,,,,,Omsk oblast,Russia,56.103472,73.34441600000001,"Omsk oblast,Russia",0,0,0,0,0,0,0,0,0,0,0,0,0,0,0,0,0,0,0,0,0,0,0,0,0,0,0,0,0,0,0,0,0,0,0,0,0,0,0,0,0,0,0,0,0,0,0,0,0,0,0,0,0,0,0,0,0,0,0,0,0,0,0,0,0,0,0,3,3,3,7,9,9,10,10,10,14,15,15,17,17,19,20,20,22,23,26,31,33,36,41,45,53,54,58,62,71,82,87,97,107,116,127,161,191,197,208,223,245,279,302,332,355,389,436,476,534,599,652,717,764,838,925,985,1044,1097,1139,1226,1268,1318,1387
,,,,,,Orenburg oblast,Russia,51.7727,55.0988,"Orenburg oblast,Russia",0,0,0,0,0,0,0,0,0,0,0,0,0,0,0,0,0,0,0,0,0,0,0,0,0,0,0,0,0,0,0,0,0,0,0,0,0,0,0,0,0,0,0,0,0,0,0,0,0,0,0,0,0,0,0,0,0,0,0,0,0,0,0,4,4,4,6,6,7,7,7,12,12,12,12,14,14,22,22,25,25,25,45,53,54,82,120,140,184,184,226,254,277,305,361,377,391,456,493,520,569,591,619,700,728,767,798,847,895,937,986,1039,1089,1178,1208,1243,1278,1312,1350,1392,1437,1482,1524,1566,1610,1664,1718,1772,1826,1871,1925
,,,,,,Orel oblast,Russia,52.96508000000001,36.07849,"Orel oblast,Russia",0,0,0,0,0,0,0,0,0,0,0,0,0,0,0,0,0,0,0,0,0,0,0,0,0,0,0,0,0,0,0,0,0,0,0,0,0,0,0,0,0,0,0,0,0,0,0,0,0,0,0,0,0,0,0,0,0,0,0,0,0,0,0,2,2,3,3,3,3,3,3,3,3,6,6,7,12,12,17,24,29,29,34,41,41,73,85,119,132,175,198,238,249,296,321,363,407,460,498,525,562,594,662,681,756,813,865,923,973,1023,1087,1148,1207,1264,1329,1381,1449,1517,1549,1598,1647,1679,1740,1808,1867,1942,2023,2082,2147,2225,2300
,,,,,,Pensa oblast,Russia,53.20066,45.00464,"Pensa oblast,Russia",0,0,0,0,0,0,0,0,0,0,0,0,0,0,0,0,0,0,0,0,0,0,0,0,0,0,0,0,0,0,0,0,0,0,0,0,0,0,0,0,0,0,0,0,0,0,0,0,0,0,0,0,0,0,0,0,0,0,0,0,0,0,0,2,2,2,2,7,7,12,16,16,27,27,27,32,51,52,52,67,67,67,84,84,100,107,119,140,140,165,180,196,211,232,255,261,283,322,364,404,448,481,512,539,569,601,635,678,723,764,802,837,879,924,985,1041,1101,1172,1245,1317,1400,1510,1612,1709,1803,1892,1980,2066,2155,2245,2332
,,,,,,Perm oblast,Russia,58.010459999999995,56.25017,"Perm oblast,Russia",0,0,0,0,0,0,0,0,0,0,0,0,0,0,0,0,0,0,0,0,0,0,0,0,0,0,0,0,0,0,0,0,0,0,0,0,0,0,0,0,0,0,0,0,0,0,0,0,0,0,0,0,0,0,0,0,0,0,0,0,0,0,0,5,10,10,11,11,13,13,13,20,21,21,21,21,32,32,41,45,45,60,60,87,114,132,144,170,198,215,237,266,287,318,373,434,454,471,481,500,524,556,595,630,648,673,699,719,735,743,753,781,829,871,921,973,1024,1073,1125,1178,1226,1277,1324,1367,1410,1451,1495,1539,1586,1656,1713
,,,,,,Primorskiy kray,Russia,45,135,"Primorskiy kray,Russia",0,0,0,0,0,0,0,0,0,0,0,0,0,0,0,0,0,0,0,0,0,0,0,0,0,0,0,0,0,0,0,0,0,0,0,0,0,0,0,0,0,0,0,0,0,0,0,0,0,0,0,0,0,0,0,0,0,0,0,0,0,0,0,2,2,2,2,2,2,4,5,5,7,7,7,7,8,15,20,20,23,24,28,32,36,40,49,67,80,97,104,166,185,220,254,278,302,347,367,403,430,455,494,547,635,684,727,763,808,856,907,955,1008,1057,1110,1197,1268,1339,1402,1446,1495,1542,1595,1646,1695,1735,1779,1836,1893,1943,1995
,,,,,,Pskov oblast,Russia,57.8136,28.3496,"Pskov oblast,Russia",0,0,0,0,0,0,0,0,0,0,0,0,0,0,0,0,0,0,0,0,0,0,0,0,0,0,0,0,0,0,0,0,0,0,0,0,0,0,0,0,0,0,0,0,0,0,0,0,0,0,0,0,0,0,0,0,0,0,0,0,0,0,0,4,6,6,6,6,9,9,9,9,9,9,9,10,14,14,16,16,16,16,21,21,27,32,37,42,44,52,58,62,66,81,93,110,124,128,142,149,153,177,195,196,214,226,243,270,277,293,308,328,339,351,367,386,405,424,451,461,494,513,543,566,592,608,629,671,723,765,824
,,,,,,Republic of Adygeia,Russia,44.429866,40.252969,"Republic of Adygeia,Russia",0,0,0,0,0,0,0,0,0,0,0,0,0,0,0,0,0,0,0,0,0,0,0,0,0,0,0,0,0,0,0,0,0,0,0,0,0,0,0,0,0,0,0,0,0,0,0,0,0,0,0,0,0,0,0,0,0,0,0,0,0,0,0,0,0,0,1,1,4,4,4,5,5,7,7,13,13,13,13,20,20,20,20,27,27,43,79,84,91,100,108,113,114,117,119,134,142,150,154,163,165,168,178,185,190,202,206,212,220,224,241,252,271,276,307,347,398,430,461,525,561,591,622,671,696,721,759,783,794,813,854
,,,,,,Altay republic,Russia,50.73624,87.015454,"Altay republic,Russia",0,0,0,0,0,0,0,0,0,0,0,0,0,0,0,0,0,0,0,0,0,0,0,0,0,0,0,0,0,0,0,0,0,0,0,0,0,0,0,0,0,0,0,0,0,0,0,0,0,0,0,0,0,0,0,0,0,0,0,0,0,0,0,0,0,0,0,0,0,0,0,0,0,0,0,0,0,0,0,0,0,0,0,0,0,0,1,2,2,4,8,8,9,9,14,15,27,27,30,32,33,35,36,36,37,38,40,41,51,52,54,56,60,63,65,69,75,78,81,82,88,92,92,95,102,104,105,109,110,116,122
,,,,,,Republic of Bashkortostan,Russia,54,56,"Republic of Bashkortostan,Russia",0,0,0,0,0,0,0,0,0,0,0,0,0,0,0,0,0,0,0,0,0,0,0,0,0,0,0,0,0,0,0,0,0,0,0,0,0,0,0,0,0,0,0,0,0,0,0,0,0,0,0,0,0,0,0,0,0,0,0,0,0,0,0,4,4,4,4,5,5,7,8,10,10,10,10,10,12,16,22,40,65,84,107,129,149,191,213,252,252,297,371,396,422,455,490,527,570,631,691,766,843,935,1022,1102,1136,1160,1243,1332,1416,1491,1567,1647,1696,1784,1874,1963,2061,2155,2247,2335,2424,2514,2602,2683,2772,2851,2942,3021,3105,3185,3260
,,,,,,Republic of Buriatia,Russia,54.54,112.348699,"Republic of Buriatia,Russia",0,0,0,0,0,0,0,0,0,0,0,0,0,0,0,0,0,0,0,0,0,0,0,0,0,0,0,0,0,0,0,0,0,0,0,0,0,0,0,0,0,0,0,0,0,0,0,0,0,0,0,0,0,0,0,0,0,0,0,0,0,0,0,0,0,2,8,8,13,19,25,30,31,35,35,43,43,50,54,60,61,73,77,86,92,100,103,112,115,115,125,153,163,167,180,186,209,227,245,271,297,325,355,373,407,450,499,518,548,570,620,659,687,736,824,865,892,948,973,1015,1042,1090,1124,1143,1209,1254,1313,1364,1411,1438,1467
,,,,,,Republic of Dagestan,Russia,42.26,47.095742,"Republic of Dagestan,Russia",0,0,0,0,0,0,0,0,0,0,0,0,0,0,0,0,0,0,0,0,0,0,0,0,0,0,0,0,0,0,0,0,0,0,0,0,0,0,0,0,0,0,0,0,0,0,0,0,0,0,0,0,0,0,0,0,0,0,0,0,0,0,0,0,0,1,1,1,4,13,15,25,25,25,25,30,43,44,57,58,84,84,84,100,105,154,213,257,292,331,371,417,454,567,724,827,994,1147,1231,1389,1553,1662,1798,1958,2086,2267,2372,2468,2560,2653,2772,2888,2997,3095,3192,3280,3371,3460,3553,3643,3746,3855,3982,4095,4205,4294,4455,4579,4704,4830,4955
,,,,,,Ingushetia republic,Russia,43.103590000000004,45.054581,"Ingushetia republic,Russia",0,0,0,0,0,0,0,0,0,0,0,0,0,0,0,0,0,0,0,0,0,0,0,0,0,0,0,0,0,0,0,0,0,0,0,0,0,0,0,0,0,0,0,0,0,0,0,0,0,0,0,0,0,0,0,0,0,0,0,0,0,0,0,0,0,0,0,0,0,0,0,0,0,1,1,1,7,25,25,29,29,29,34,34,90,153,191,227,269,308,354,397,436,474,515,552,590,633,679,722,769,814,865,918,966,1018,1067,1108,1152,1199,1245,1290,1333,1372,1407,1443,1480,1515,1561,1605,1648,1692,1734,1778,1823,1866,1906,1955,2000,2044,2083
,,,,,,Republic of Kalmykia,Russia,46.414024,45.325701,"Republic of Kalmykia,Russia",0,0,0,0,0,0,0,0,0,0,0,0,0,0,0,0,0,0,0,0,0,0,0,0,0,0,0,0,0,0,0,0,0,0,0,0,0,0,0,0,0,0,0,0,0,0,0,0,0,0,0,0,0,0,0,0,0,0,0,0,0,0,0,0,0,0,0,0,1,2,2,2,7,7,7,7,11,15,23,23,32,32,32,32,35,36,53,67,74,77,77,88,94,104,122,146,158,167,183,192,231,254,283,321,322,351,379,405,455,473,494,497,532,567,618,655,693,721,721,744,776,810,856,879,903,903,944,973,999,1019,1054
,,,,,,Republic of Karelia,Russia,63.621324,33.232608,"Republic of Karelia,Russia",0,0,0,0,0,0,0,0,0,0,0,0,0,0,0,0,0,0,0,0,0,0,0,0,0,0,0,0,0,0,0,0,0,0,0,0,0,0,0,0,0,0,0,0,0,0,0,0,0,0,0,0,0,0,0,0,0,0,0,0,0,0,0,0,0,0,0,0,0,0,0,0,0,0,0,2,2,2,2,2,2,2,3,3,7,8,9,15,19,27,30,30,35,37,42,44,56,62,63,66,74,81,85,89,91,103,112,125,128,148,160,171,176,188,194,202,215,225,233,241,260,268,284,300,316,331,353,371,382,407,430
,,,,,,Komi republic,Russia,64,54,"Komi republic,Russia",0,0,0,0,0,0,0,0,0,0,0,0,0,0,0,0,0,0,0,0,0,0,0,0,0,0,0,0,0,0,0,0,0,0,0,0,0,0,0,0,0,0,0,0,0,0,0,0,0,0,0,0,0,0,0,0,0,0,0,0,0,0,0,3,3,3,3,7,22,22,54,56,56,59,59,90,101,119,150,208,208,208,208,305,402,441,455,474,481,491,507,527,542,553,561,578,590,597,611,621,649,656,676,682,698,726,782,793,803,823,844,847,859,867,882,911,931,968,1007,1019,1032,1067,1105,1129,1135,1144,1188,1238,1262,1293,1322
,,,,,,Republic of Crimea,Russia,45,34,"Republic of Crimea,Russia",0,0,0,0,0,0,0,0,0,0,0,0,0,0,0,0,0,0,0,0,0,0,0,0,0,0,0,0,0,0,0,0,0,0,0,0,0,0,0,0,0,0,0,0,0,0,0,0,0,0,0,0,0,0,0,0,0,0,0,0,0,0,0,7,7,19,20,20,20,16,16,16,18,18,20,21,22,23,26,29,29,31,32,32,34,37,40,43,45,45,46,46,51,53,57,67,69,70,79,89,92,100,104,105,111,128,160,168,177,189,193,202,209,239,245,258,272,281,294,298,299,314,324,326,340,346,349,355,361,369,375
,,,,,,Republic of Mariy El,Russia,56.485739,48.197858000000004,"Republic of Mariy El,Russia",0,0,0,0,0,0,0,0,0,0,0,0,0,0,0,0,0,0,0,0,0,0,0,0,0,0,0,0,0,0,0,0,0,0,0,0,0,0,0,0,0,0,0,0,0,0,0,0,0,0,0,0,0,0,0,0,0,0,0,0,0,0,0,0,0,0,0,0,2,2,2,4,4,4,4,13,13,40,41,63,63,70,80,91,118,147,179,219,262,291,311,333,348,377,407,431,462,500,535,566,597,628,668,717,750,783,814,845,882,903,928,964,996,1033,1078,1130,1184,1235,1285,1322,1360,1397,1438,1479,1518,1559,1602,1643,1689,1733,1774
,,,,,,Republic of Mordovia,Russia,54.2,44.319669,"Republic of Mordovia,Russia",0,0,0,0,0,0,0,0,0,0,0,0,0,0,0,0,0,0,0,0,0,0,0,0,0,0,0,0,0,0,0,0,0,0,0,0,0,0,0,0,0,0,0,0,0,0,0,0,0,0,0,0,0,0,0,0,0,0,0,0,0,0,0,0,0,2,2,3,3,3,4,4,4,5,5,6,6,13,17,19,19,42,58,71,71,71,136,198,258,293,327,357,385,424,469,518,560,592,659,698,728,765,808,867,923,977,1018,1055,1102,1148,1190,1225,1262,1296,1323,1348,1376,1409,1443,1477,1512,1548,1580,1612,1646,1684,1727,1776,1820,1860,1895
,,,,,,Saha republic,Russia,62.30161,32.685359999999996,"Saha republic,Russia",0,0,0,0,0,0,0,0,0,0,0,0,0,0,0,0,0,0,0,0,0,0,0,0,0,0,0,0,0,0,0,0,0,0,0,0,0,0,0,0,0,0,0,0,0,0,0,0,0,0,0,0,0,0,0,0,0,0,0,0,0,0,0,10,14,14,14,15,15,15,15,15,15,15,15,15,15,16,16,16,19,22,25,26,33,35,38,47,88,107,111,116,128,137,141,152,159,166,183,207,229,263,282,311,331,348,385,437,477,510,551,606,652,687,722,785,828,869,914,960,997,1077,1177,1276,1357,1445,1529,1623,1705,1819,1930
,,,,,,Republic of North Osetia - Alania,Russia,43.092669,44.262033,"Republic of North Osetia - Alania,Russia",0,0,0,0,0,0,0,0,0,0,0,0,0,0,0,0,0,0,0,0,0,0,0,0,0,0,0,0,0,0,0,0,0,0,0,0,0,0,0,0,0,0,0,0,0,0,0,0,0,0,0,0,0,0,0,0,0,0,0,0,0,0,0,0,0,0,0,0,0,0,2,4,4,5,5,8,9,15,22,27,27,34,34,52,52,52,65,94,120,145,177,211,242,275,305,348,401,549,670,763,836,921,990,1069,1160,1253,1342,1436,1505,1575,1647,1723,1801,1871,1943,2016,2090,2165,2242,2314,2387,2456,2523,2585,2645,2702,2755,2807,2858,2907,2957
,,,,,,Republic of Tatarstan,Russia,55.333330000000004,51,"Republic of Tatarstan,Russia",0,0,0,0,0,0,0,0,0,0,0,0,0,0,0,0,0,0,0,0,0,0,0,0,0,0,0,0,0,0,0,0,0,0,0,0,0,0,0,0,0,0,0,0,0,0,0,0,0,0,0,0,0,0,0,0,0,0,0,0,0,0,0,7,10,11,14,14,14,19,19,19,25,25,25,41,41,41,50,50,73,73,84,107,107,128,144,160,191,230,280,355,412,426,491,562,632,697,752,823,894,960,1031,1117,1208,1310,1415,1498,1586,1671,1761,1832,1919,1980,2064,2148,2232,2312,2400,2475,2546,2621,2697,2787,2849,2912,2966,3026,3079,3142,3194
,,,,,,Republic of Tyva,Russia,51.584332,94.79308499999999,"Republic of Tyva,Russia",0,0,0,0,0,0,0,0,0,0,0,0,0,0,0,0,0,0,0,0,0,0,0,0,0,0,0,0,0,0,0,0,0,0,0,0,0,0,0,0,0,0,0,0,0,0,0,0,0,0,0,0,0,0,0,0,0,0,0,0,0,0,0,0,0,0,0,0,0,0,0,0,0,0,0,0,0,0,0,0,6,6,6,6,6,8,9,9,13,13,13,13,14,15,24,27,30,31,31,33,39,40,43,47,51,51,55,56,60,81,93,144,157,196,222,252,269,299,351,407,451,530,576,628,706,760,818,876,942,997,1055
,,,,,,Republic of Hakassia,Russia,53.715559999999996,91.42917,"Republic of Hakassia,Russia",0,0,0,0,0,0,0,0,0,0,0,0,0,0,0,0,0,0,0,0,0,0,0,0,0,0,0,0,0,0,0,0,0,0,0,0,0,0,0,0,0,0,0,0,0,0,0,0,0,0,0,0,0,0,0,0,0,0,0,0,0,0,0,1,2,2,2,2,3,3,3,3,3,3,3,5,5,6,6,9,12,12,12,20,26,27,38,46,68,76,84,87,99,102,151,176,184,206,228,232,257,266,272,302,318,340,352,367,403,425,466,503,524,532,557,595,618,642,667,695,724,747,778,789,813,836,856,878,910,940,964
,,,,,,Republic of Chuvashia,Russia,56.13222,47.251940000000005,"Republic of Chuvashia,Russia",0,0,0,0,0,0,0,0,0,0,0,0,0,0,0,0,0,0,0,0,0,0,0,0,0,0,0,0,0,0,0,0,0,0,0,0,0,0,0,0,0,0,0,0,0,0,0,0,0,0,0,0,0,0,0,0,0,0,0,0,0,0,0,1,1,1,1,1,1,1,1,1,1,1,1,3,6,15,17,32,39,50,65,65,78,125,137,164,193,225,235,262,305,348,383,421,463,502,539,586,627,676,731,795,844,892,950,1018,1081,1144,1220,1282,1360,1439,1522,1603,1700,1787,1863,1936,2014,2104,2195,2290,2387,2472,2545,2626,2709,2798,2885
,,,,,,Rostov oblast,Russia,47.23135,39.723279999999995,"Rostov oblast,Russia",0,0,0,0,0,0,0,0,0,0,0,0,0,0,0,0,0,0,0,0,0,0,0,0,0,0,0,0,0,0,0,0,0,0,0,0,0,0,0,0,0,0,0,0,0,0,0,0,0,0,0,0,0,0,0,0,0,0,0,0,0,0,0,1,1,2,2,2,2,5,5,9,9,9,9,9,17,21,24,29,38,52,78,98,104,145,168,197,232,292,346,398,469,533,584,649,714,778,864,943,1026,1106,1178,1263,1353,1434,1514,1594,1674,1763,1851,1946,2033,2111,2200,2312,2427,2514,2645,2784,2926,3064,3417,3569,3727,3930,4133,4287,4428,4580,4758
,,,,,,Ryazan oblast,Russia,54.6269,39.6916,"Ryazan oblast,Russia",0,0,0,0,0,0,0,0,0,0,0,0,0,0,0,0,0,0,0,0,0,0,0,0,0,0,0,0,0,0,0,0,0,0,0,0,0,0,0,0,0,0,0,0,0,0,0,0,0,0,0,0,0,0,0,0,0,0,0,0,0,0,0,2,2,2,2,3,5,5,5,5,6,12,12,17,17,32,32,38,55,71,89,116,116,154,184,225,267,289,316,392,429,475,539,602,687,788,840,880,923,1021,1076,1137,1226,1310,1396,1475,1560,1648,1744,1842,1939,2028,2123,2214,2300,2394,2485,2577,2673,2767,2865,2953,3040,3125,3206,3283,3358,3432,3508
,,,,,,Samara oblast,Russia,53.20007,50.15,"Samara oblast,Russia",0,0,0,0,0,0,0,0,0,0,0,0,0,0,0,0,0,0,0,0,0,0,0,0,0,0,0,0,0,0,0,0,0,0,0,0,0,0,0,0,0,0,0,0,0,0,0,0,0,0,0,0,0,0,0,0,0,0,0,0,0,0,0,10,12,14,14,14,14,15,15,17,17,17,17,17,17,18,18,20,21,24,29,40,40,50,63,64,79,95,103,115,141,185,209,229,264,272,327,367,392,433,518,578,595,676,743,802,877,951,1017,1083,1162,1246,1302,1372,1437,1503,1568,1666,1740,1814,1900,2021,2118,2205,2340,2437,2485,2527,2612
,,,,,,Saint Petersburg,Russia,59.93863,30.31413,"Saint Petersburg,Russia",0,0,0,0,0,0,0,0,0,0,0,0,0,0,0,0,0,0,0,0,0,0,0,0,0,0,0,0,0,0,0,0,0,0,0,0,0,0,0,0,0,0,0,4,4,4,4,4,0,0,4,7,8,7,10,11,11,12,16,16,16,16,21,21,26,26,37,42,50,98,125,147,156,171,191,226,295,329,373,408,488,557,678,799,929,1083,1507,1646,1760,1846,1973,2267,2458,2711,2926,3077,3238,3436,3726,4062,4411,4734,5029,5346,5572,5884,6190,6565,6990,7404,7711,8050,8485,8945,9486,10011,10462,10887,11340,11795,12203,12592,12955,13339,13713,14076,14463,14846,15215,15580,15949
,,,,,,Saratov oblast,Russia,51.54056,46.00861,"Saratov oblast,Russia",0,0,0,0,0,0,0,0,0,0,0,0,0,0,0,0,0,0,0,0,0,0,0,0,0,0,0,0,0,0,0,0,0,0,0,0,0,0,0,0,0,0,0,0,0,0,0,0,0,0,0,0,0,0,0,0,0,0,0,0,0,0,0,1,1,1,2,2,4,4,15,15,19,19,19,19,25,26,30,34,35,42,44,49,56,70,87,98,114,142,168,190,229,245,265,305,327,359,392,438,487,535,585,659,737,835,876,950,1007,1076,1168,1232,1317,1413,1526,1633,1754,1871,1980,2072,2139,2223,2321,2418,2516,2581,2649,2746,2840,2936,3078
,,,,,,Sakhalin oblast,Russia,50.150926,142.750797,"Sakhalin oblast,Russia",0,0,0,0,0,0,0,0,0,0,0,0,0,0,0,0,0,0,0,0,0,0,0,0,0,0,0,0,0,0,0,0,0,0,0,0,0,0,0,0,0,0,0,0,0,0,0,0,0,0,0,0,0,0,0,0,0,0,0,0,0,0,0,0,0,0,4,4,4,4,5,5,5,6,6,6,6,11,11,11,11,11,11,11,12,12,19,19,19,19,19,19,19,20,20,20,21,22,22,23,24,24,26,28,29,29,31,31,37,37,38,41,42,44,45,48,50,50,56,57,59,63,66,68,69,74,76,80,94,101,115
,,,,,,Sverdlov oblast,Russia,43.25,71.75,"Sverdlov oblast,Russia",0,0,0,0,0,0,0,0,0,0,0,0,0,0,0,0,0,0,0,0,0,0,0,0,0,0,0,0,0,0,0,0,0,0,0,0,0,0,0,0,0,0,0,0,0,0,0,0,0,0,0,0,0,0,0,0,0,0,0,0,0,0,0,13,20,20,24,24,24,33,33,38,39,40,40,44,51,56,59,61,74,78,85,93,105,111,115,126,141,149,233,243,271,304,337,395,454,539,629,703,935,1016,1091,1144,1277,1353,1429,1584,1705,1844,1952,2163,2298,2362,2466,2571,2731,2861,2999,3134,3308,3443,3614,3704,3983,4190,4425,4693,4923,5184,5449
,,,,,,Sevastopol,Russia,44.616603999999995,33.525369,"Sevastopol,Russia",0,0,0,0,0,0,0,0,0,0,0,0,0,0,0,0,0,0,0,0,0,0,0,0,0,0,0,0,0,0,0,0,0,0,0,0,0,0,0,0,0,0,0,0,0,0,0,0,0,0,0,0,0,0,0,0,0,0,0,0,0,0,0,0,0,0,0,0,0,5,5,5,5,5,5,5,5,5,5,5,6,6,6,7,8,8,12,12,13,17,18,19,25,25,26,31,34,37,77,78,85,86,89,91,98,104,110,118,119,122,126,129,130,132,135,135,138,139,143,147,148,149,154,155,157,158,160,161,161,161,161
,,,,,,Smolensk oblast,Russia,54.956192,32.998543,"Smolensk oblast,Russia",0,0,0,0,0,0,0,0,0,0,0,0,0,0,0,0,0,0,0,0,0,0,0,0,0,0,0,0,0,0,0,0,0,0,0,0,0,0,0,0,0,0,0,0,0,0,0,0,0,0,0,0,0,0,0,0,0,0,0,0,0,0,0,0,0,0,1,1,1,1,1,1,1,2,2,3,3,7,11,13,17,17,21,55,106,132,139,152,173,189,208,244,251,262,279,289,324,369,403,429,455,499,508,520,534,535,590,646,668,738,902,911,1008,1044,1105,1146,1190,1246,1297,1357,1418,1471,1536,1603,1685,1769,1853,1933,2024,2119,2207
,,,,,,Stavropolskiy kray,Russia,45,44,"Stavropolskiy kray,Russia",0,0,0,0,0,0,0,0,0,0,0,0,0,0,0,0,0,0,0,0,0,0,0,0,0,0,0,0,0,0,0,0,0,0,0,0,0,0,0,0,0,0,0,0,0,0,0,0,0,0,0,0,0,0,0,0,0,0,0,0,0,0,0,2,5,5,5,5,6,6,6,11,11,11,11,20,39,39,42,52,66,74,86,95,115,143,155,209,232,244,266,277,332,358,385,421,454,491,519,562,651,676,731,788,824,864,887,943,1012,1050,1084,1125,1176,1248,1308,1367,1465,1530,1600,1659,1728,1781,1855,1932,2011,2086,2158,2238,2320,2404,2485
,,,,,,Tambov oblast,Russia,52.73169,41.443259999999995,"Tambov oblast,Russia",0,0,0,0,0,0,0,0,0,0,0,0,0,0,0,0,0,0,0,0,0,0,0,0,0,0,0,0,0,0,0,0,0,0,0,0,0,0,0,0,0,0,0,0,0,0,0,0,0,0,0,0,0,0,0,0,0,0,0,0,0,0,0,3,3,3,3,3,3,3,6,6,6,7,7,15,15,21,21,33,33,48,48,83,83,133,133,165,187,209,222,240,263,298,343,399,460,493,537,612,675,729,789,842,909,971,1046,1131,1221,1312,1403,1483,1568,1654,1737,1819,1902,1984,2069,2154,2238,2321,2400,2475,2547,2622,2699,2772,2845,2916,2983
,,,,,,Tver oblast,Russia,56.85836,35.90057,"Tver oblast,Russia",0,0,0,0,0,0,0,0,0,0,0,0,0,0,0,0,0,0,0,0,0,0,0,0,0,0,0,0,0,0,0,0,0,0,0,0,0,0,0,0,0,0,0,0,0,0,0,0,0,0,0,0,0,0,0,0,0,0,0,0,0,0,0,3,3,3,3,3,4,4,5,5,6,6,6,8,8,12,19,24,31,31,75,75,117,151,188,237,270,296,329,356,383,412,441,464,498,507,518,535,564,610,661,680,709,753,769,784,822,867,898,932,942,962,1006,1059,1085,1112,1131,1164,1203,1242,1273,1310,1363,1378,1424,1476,1517,1560,1604
,,,,,,Tomsk oblast,Russia,56.49771,84.97437,"Tomsk oblast,Russia",0,0,0,0,0,0,0,0,0,0,0,0,0,0,0,0,0,0,0,0,0,0,0,0,0,0,0,0,0,0,0,0,0,0,0,0,0,0,0,0,0,0,0,0,0,0,0,0,0,0,0,0,0,0,0,0,0,0,0,0,0,0,0,1,2,2,2,3,3,3,3,3,3,3,3,3,3,4,4,4,4,4,8,15,15,21,21,24,29,33,37,43,52,59,66,67,76,81,87,89,97,102,119,128,147,160,162,176,191,210,279,294,311,320,329,343,363,381,397,409,429,450,479,507,536,564,595,622,645,667,688
,,,,,,Tula oblast,Russia,54.196090000000005,37.61822,"Tula oblast,Russia",0,0,0,0,0,0,0,0,0,0,0,0,0,0,0,0,0,0,0,0,0,0,0,0,0,0,0,0,0,0,0,0,0,0,0,0,0,0,0,0,0,0,0,0,0,0,0,0,0,0,0,0,0,0,0,0,0,0,0,0,0,0,0,7,7,8,11,11,12,12,17,17,17,19,29,39,49,54,66,71,71,74,85,85,130,174,199,229,287,309,384,436,461,505,578,644,713,783,873,965,1047,1135,1218,1293,1368,1445,1530,1620,1706,1795,1881,1971,2060,2158,2263,2364,2461,2545,2637,2735,2824,2915,3005,3102,3213,3318,3422,3532,3644,3751,3855
,,,,,,Tumen oblast,Russia,57.15221999999999,65.52722,"Tumen oblast,Russia",0,0,0,0,0,0,0,0,0,0,0,0,0,0,0,0,0,0,0,0,0,0,0,0,0,0,0,0,0,0,0,0,0,0,0,0,0,0,0,0,0,0,0,0,0,0,0,0,0,0,0,0,0,0,0,0,0,0,0,0,0,0,0,3,3,3,3,4,4,6,6,6,11,11,11,11,18,18,19,22,30,39,53,67,85,112,146,185,227,254,290,319,341,357,374,386,399,404,420,435,442,458,495,561,589,658,683,707,730,803,832,902,977,1018,1057,1102,1135,1181,1227,1267,1278,1331,1366,1411,1448,1490,1532,1562,1580,1608,1638
,,,,,,Republic of Udmurtia,Russia,57,53,"Republic of Udmurtia,Russia",0,0,0,0,0,0,0,0,0,0,0,0,0,0,0,0,0,0,0,0,0,0,0,0,0,0,0,0,0,0,0,0,0,0,0,0,0,0,0,0,0,0,0,0,0,0,0,0,0,0,0,0,0,0,0,0,0,0,0,0,0,0,0,2,2,4,4,4,4,4,4,4,4,5,5,5,9,9,9,11,11,13,13,19,27,42,58,62,66,92,118,152,161,178,193,202,207,212,217,228,237,244,271,314,332,344,344,345,352,370,389,395,395,402,408,422,436,441,452,458,463,477,492,510,529,549,559,583,605,629,652
,,,,,,Ulianovsk oblast,Russia,54.32824,48.38657,"Ulianovsk oblast,Russia",0,0,0,0,0,0,0,0,0,0,0,0,0,0,0,0,0,0,0,0,0,0,0,0,0,0,0,0,0,0,0,0,0,0,0,0,0,0,0,0,0,0,0,0,0,0,0,0,0,0,0,0,0,0,0,0,0,0,0,0,0,0,0,1,1,1,1,1,1,1,1,1,1,1,1,2,4,4,6,40,62,70,86,86,104,123,138,157,168,187,187,196,228,253,280,307,331,360,379,406,429,461,499,528,544,573,605,681,765,807,848,886,932,1012,1081,1159,1260,1366,1462,1526,1596,1666,1764,1861,1959,2051,2121,2196,2271,2369,2466
,,,,,,Habarovskiy kray,Russia,48.48271,135.08379,"Habarovskiy kray,Russia",0,0,0,0,0,0,0,0,0,0,0,0,0,0,0,0,0,0,0,0,0,0,0,0,0,0,0,0,0,0,0,0,0,0,0,0,0,0,0,0,0,0,0,0,0,0,0,0,0,0,0,0,0,0,0,0,0,0,0,0,0,0,0,4,5,5,5,7,7,8,9,9,10,10,11,11,16,24,24,28,29,29,54,54,77,91,109,147,185,215,243,272,310,351,379,406,439,467,498,536,566,595,629,668,699,738,781,821,862,896,935,977,1023,1074,1126,1176,1223,1273,1325,1380,1444,1509,1572,1633,1698,1760,1827,1890,1959,2018,2081
,,,,,,Hanty-Mansiyskiy AO,Russia,61.004169999999995,69.00194,"Hanty-Mansiyskiy AO,Russia",0,0,0,0,0,0,0,0,0,0,0,0,0,0,0,0,0,0,0,0,0,0,0,0,0,0,0,0,0,0,0,0,0,0,0,0,0,0,0,0,0,0,0,0,0,0,0,0,0,0,0,0,0,0,0,0,0,0,0,0,0,0,0,2,4,4,4,5,5,5,8,8,16,16,19,19,38,41,41,41,41,41,41,56,71,110,128,161,175,188,197,203,215,217,233,274,297,338,366,387,405,414,449,467,508,537,551,583,626,693,777,822,865,926,965,1048,1166,1252,1308,1371,1430,1510,1568,1670,1755,1849,1924,2028,2133,2300,2436
,,,,,,Cheliabinsk oblast,Russia,55.154019999999996,61.42915,"Cheliabinsk oblast,Russia",0,0,0,0,0,0,0,0,0,0,0,0,0,0,0,0,0,0,0,0,0,0,0,0,0,0,0,0,0,0,0,0,0,0,0,0,0,0,0,0,0,0,0,0,0,0,0,0,0,0,0,0,0,0,0,0,0,0,0,0,0,0,0,2,5,5,9,12,14,14,21,21,23,26,27,31,32,32,34,34,40,40,43,48,51,53,57,61,68,78,92,102,111,168,240,302,360,408,427,494,538,568,631,682,768,812,839,881,951,1041,1118,1212,1263,1307,1407,1476,1574,1659,1755,1829,1913,1993,2073,2135,2180,2216,2286,2368,2509,2659,2795
,,,,,,Chechen republic,Russia,43.2,45.78889,"Chechen republic,Russia",0,0,0,0,0,0,0,0,0,0,0,0,0,0,0,0,0,0,0,0,0,0,0,0,0,0,0,0,0,0,0,0,0,0,0,0,0,0,0,0,0,0,0,0,0,0,0,0,0,0,0,0,0,0,0,0,0,0,0,0,0,0,0,1,1,3,5,9,9,9,10,10,12,15,15,16,17,22,22,22,30,47,49,64,105,108,115,175,219,264,303,323,347,365,387,409,429,447,465,485,504,525,553,583,615,645,674,705,733,759,787,813,841,865,891,918,943,966,986,1005,1026,1046,1066,1090,1112,1133,1152,1174,1192,1209,1227
,,,,,,Chukotskiy autonomous oblast,Russia,65.982613,174.432311,"Chukotskiy autonomous oblast,Russia",0,0,0,0,0,0,0,0,0,0,0,0,0,0,0,0,0,0,0,0,0,0,0,0,0,0,0,0,0,0,0,0,0,0,0,0,0,0,0,0,0,0,0,0,0,0,0,0,0,0,0,0,0,0,0,0,0,0,0,0,0,0,0,0,0,0,0,0,0,0,0,0,0,0,0,0,0,0,0,0,0,0,0,0,1,1,2,2,2,2,2,6,6,11,12,15,17,17,17,18,20,23,24,24,25,26,27,27,28,30,31,31,35,36,42,47,56,56,56,56,56,56,58,59,61,61,63,66,73,78,80
,,,,,,Yamalo-Nenetskiy AO,Russia,66.086435,80.005397,"Yamalo-Nenetskiy AO,Russia",0,0,0,0,0,0,0,0,0,0,0,0,0,0,0,0,0,0,0,0,0,0,0,0,0,0,0,0,0,0,0,0,0,0,0,0,0,0,0,0,0,0,0,0,0,0,0,0,0,0,0,0,0,0,0,0,0,0,0,0,0,0,0,0,0,0,0,0,0,0,0,2,12,12,12,12,30,41,41,41,50,62,66,66,73,95,101,106,116,140,146,149,243,266,303,348,375,387,409,463,514,557,608,712,820,925,1018,1054,1105,1177,1239,1311,1360,1433,1548,1598,1689,1748,1806,1838,1902,1989,2025,2054,2092,2151,2202,2249,2280,2310,2375
,,,,,,Yaroslavl oblast,Russia,57.62987,39.87368,"Yaroslavl oblast,Russia",0,0,0,0,0,0,0,0,0,0,0,0,0,0,0,0,0,0,0,0,0,0,0,0,0,0,0,0,0,0,0,0,0,0,0,0,0,0,0,0,0,0,0,0,0,0,0,0,0,0,0,0,0,0,0,0,0,0,0,0,0,0,0,1,1,2,2,3,3,3,3,3,3,5,6,6,11,11,13,13,13,27,27,27,39,62,81,105,117,144,187,198,263,305,342,384,409,456,483,506,570,634,710,789,829,880,935,993,1051,1114,1192,1275,1363,1450,1537,1629,1726,1829,1938,2073,2206,2309,2424,2531,2632,2726,2808,2892,2976,3055,3132
