date,country,abbreviation_canton,name_canton,lat,long,hospitalized_with_symptoms,intensive_care,total_hospitalized,home_confinment,total_currently_positive_cases,new_positive_cases,recovered,deaths,total_positive_cases,tests_performed
2020-03-06T00:00:00,Switzerland,AG,Aargau,47.449406,8.327494999999999,,,,,10.0,0.0,,,,
2020-03-06T00:00:00,Switzerland,AI,Appenzell Innerrhoden,47.328414,9.409647,,,,,0.0,0.0,,,,
2020-03-06T00:00:00,Switzerland,AR,Appenzell Ausserrhoden,47.382709999999996,9.27186,,,,,1.0,0.0,,,,
2020-03-06T00:00:00,Switzerland,BE,Bern,46.916667,7.466667,,,,,20.0,0.0,,0.0,,
2020-03-06T00:00:00,Switzerland,BL,Baselland,47.482779,7.742975,,,,,9.0,0.0,,,,
2020-03-06T00:00:00,Switzerland,BS,Basel-Stadt,47.558395000000004,7.573271000000001,,,,,17.0,0.0,,,,
2020-03-06T00:00:00,Switzerland,FR,Fribourg,46.718391,7.074008,,,,,7.0,0.0,,,,
2020-03-06T00:00:00,Switzerland,GE,Genève,46.195602,6.1481129999999995,,,,,17.0,0.0,,0.0,,
2020-03-06T00:00:00,Switzerland,GL,Glarus,47.04057,9.068036,,,,,0.0,0.0,,,,
2020-03-06T00:00:00,Switzerland,GR,Graubünden,46.796756,10.305946,,,,,13.0,0.0,,,,
2020-03-06T00:00:00,Switzerland,JU,Jura,47.350744,7.156107,,,,,1.0,0.0,,,,
2020-03-06T00:00:00,Switzerland,LU,Luzern,47.083333,8.266667,,,,,2.0,0.0,,,,
2020-03-06T00:00:00,Switzerland,NE,Neuchatel,46.995534,6.780125999999999,,,,,8.0,0.0,,,,
2020-03-06T00:00:00,Switzerland,NW,Nidwalden,46.95805,8.36609,,,,,0.0,0.0,,,,
2020-03-06T00:00:00,Switzerland,OW,Obwalden,46.898509000000004,8.250681,,,,,0.0,0.0,,,,
2020-03-06T00:00:00,Switzerland,SG,St.Gallen,47.43162,9.39845,,,,,1.0,0.0,,,,
2020-03-06T00:00:00,Switzerland,SH,Schaffhausen,47.713570000000004,8.59167,,,,,0.0,0.0,,,,
2020-03-06T00:00:00,Switzerland,SO,Solothurn,47.206649,7.516605,,,,,1.0,0.0,,,,
2020-03-06T00:00:00,Switzerland,SZ,Schwyz,47.061787,8.756585000000001,,,,,7.0,0.0,,,,
2020-03-06T00:00:00,Switzerland,TG,Thurgau,47.55993,8.8998,,,,,1.0,0.0,,,,
2020-03-06T00:00:00,Switzerland,TI,Ticino,46.009279,8.955575999999999,,,,,37.0,0.0,,,,
2020-03-06T00:00:00,Switzerland,UR,Uri,46.880421999999996,8.644409,,,,,0.0,0.0,,,,
2020-03-06T00:00:00,Switzerland,VD,Vaud,46.5369,6.58478,,,,,23.0,0.0,,,,
2020-03-06T00:00:00,Switzerland,VS,Valais,46.209567,7.604659,,,,,4.0,0.0,,,,
2020-03-06T00:00:00,Switzerland,ZG,Zug,47.157296,8.537294000000001,,,,,5.0,0.0,,,,
2020-03-06T00:00:00,Switzerland,ZH,Zürich,47.451541999999996,8.564572,,,,,24.0,0.0,,0.0,,
2020-03-07T00:00:00,Switzerland,AG,Aargau,47.449406,8.327494999999999,,,,,14.0,4.0,,,,
2020-03-07T00:00:00,Switzerland,AI,Appenzell Innerrhoden,47.328414,9.409647,,,,,0.0,0.0,,,,
2020-03-07T00:00:00,Switzerland,AR,Appenzell Ausserrhoden,47.382709999999996,9.27186,,,,,1.0,0.0,,,,
2020-03-07T00:00:00,Switzerland,BE,Bern,46.916667,7.466667,,,,,25.0,5.0,,0.0,,
2020-03-07T00:00:00,Switzerland,BL,Baselland,47.482779,7.742975,,,,,13.0,4.0,,,,
2020-03-07T00:00:00,Switzerland,BS,Basel-Stadt,47.558395000000004,7.573271000000001,,,,,22.0,5.0,,,,
2020-03-07T00:00:00,Switzerland,FR,Fribourg,46.718391,7.074008,,,,,7.0,0.0,,,,
2020-03-07T00:00:00,Switzerland,GE,Genève,46.195602,6.1481129999999995,,,,,26.0,9.0,,0.0,,
2020-03-07T00:00:00,Switzerland,GL,Glarus,47.04057,9.068036,,,,,0.0,0.0,,,,
2020-03-07T00:00:00,Switzerland,GR,Graubünden,46.796756,10.305946,,,,,15.0,2.0,,,,
2020-03-07T00:00:00,Switzerland,JU,Jura,47.350744,7.156107,,,,,3.0,2.0,,,,
2020-03-07T00:00:00,Switzerland,LU,Luzern,47.083333,8.266667,,,,,4.0,2.0,,,,
2020-03-07T00:00:00,Switzerland,NE,Neuchatel,46.995534,6.780125999999999,,,,,11.0,3.0,,,,
2020-03-07T00:00:00,Switzerland,NW,Nidwalden,46.95805,8.36609,,,,,0.0,0.0,,,,
2020-03-07T00:00:00,Switzerland,OW,Obwalden,46.898509000000004,8.250681,,,,,0.0,0.0,,,,
2020-03-07T00:00:00,Switzerland,SG,St.Gallen,47.43162,9.39845,,,,,1.0,0.0,,,,
2020-03-07T00:00:00,Switzerland,SH,Schaffhausen,47.713570000000004,8.59167,,,,,0.0,0.0,,,,
2020-03-07T00:00:00,Switzerland,SO,Solothurn,47.206649,7.516605,,,,,1.0,0.0,,,,
2020-03-07T00:00:00,Switzerland,SZ,Schwyz,47.061787,8.756585000000001,,,,,7.0,0.0,,,,
2020-03-07T00:00:00,Switzerland,TG,Thurgau,47.55993,8.8998,,,,,1.0,0.0,,,,
2020-03-07T00:00:00,Switzerland,TI,Ticino,46.009279,8.955575999999999,,,,,43.0,6.0,,,,
2020-03-07T00:00:00,Switzerland,UR,Uri,46.880421999999996,8.644409,,,,,0.0,0.0,,,,
2020-03-07T00:00:00,Switzerland,VD,Vaud,46.5369,6.58478,,,,,30.0,7.0,,,,
2020-03-07T00:00:00,Switzerland,VS,Valais,46.209567,7.604659,,,,,5.0,1.0,,,,
2020-03-07T00:00:00,Switzerland,ZG,Zug,47.157296,8.537294000000001,,,,,6.0,1.0,,,,
2020-03-07T00:00:00,Switzerland,ZH,Zürich,47.451541999999996,8.564572,,,,,28.0,4.0,,0.0,,
2020-03-08T00:00:00,Switzerland,AG,Aargau,47.449406,8.327494999999999,,,,,14.0,0.0,,,,
2020-03-08T00:00:00,Switzerland,AI,Appenzell Innerrhoden,47.328414,9.409647,,,,,0.0,0.0,,,,
2020-03-08T00:00:00,Switzerland,AR,Appenzell Ausserrhoden,47.382709999999996,9.27186,,,,,1.0,0.0,,,,
2020-03-08T00:00:00,Switzerland,BE,Bern,46.916667,7.466667,,,,,31.0,6.0,,0.0,,
2020-03-08T00:00:00,Switzerland,BL,Baselland,47.482779,7.742975,,,,,19.0,6.0,,,,
2020-03-08T00:00:00,Switzerland,BS,Basel-Stadt,47.558395000000004,7.573271000000001,,,,,25.0,3.0,,,,
2020-03-08T00:00:00,Switzerland,FR,Fribourg,46.718391,7.074008,,,,,8.0,1.0,,,,
2020-03-08T00:00:00,Switzerland,GE,Genève,46.195602,6.1481129999999995,,,,,35.0,9.0,,0.0,,
2020-03-08T00:00:00,Switzerland,GL,Glarus,47.04057,9.068036,,,,,0.0,0.0,,,,
2020-03-08T00:00:00,Switzerland,GR,Graubünden,46.796756,10.305946,,,,,17.0,2.0,,,,
2020-03-08T00:00:00,Switzerland,JU,Jura,47.350744,7.156107,,,,,3.0,0.0,,,,
2020-03-08T00:00:00,Switzerland,LU,Luzern,47.083333,8.266667,,,,,6.0,2.0,,,,
2020-03-08T00:00:00,Switzerland,NE,Neuchatel,46.995534,6.780125999999999,,,,,13.0,2.0,,,,
2020-03-08T00:00:00,Switzerland,NW,Nidwalden,46.95805,8.36609,,,,,0.0,0.0,,,,
2020-03-08T00:00:00,Switzerland,OW,Obwalden,46.898509000000004,8.250681,,,,,0.0,0.0,,,,
2020-03-08T00:00:00,Switzerland,SG,St.Gallen,47.43162,9.39845,,,,,3.0,2.0,,,,
2020-03-08T00:00:00,Switzerland,SH,Schaffhausen,47.713570000000004,8.59167,,,,,0.0,0.0,,,,
2020-03-08T00:00:00,Switzerland,SO,Solothurn,47.206649,7.516605,,,,,1.0,0.0,,,,
2020-03-08T00:00:00,Switzerland,SZ,Schwyz,47.061787,8.756585000000001,,,,,7.0,0.0,,,,
2020-03-08T00:00:00,Switzerland,TG,Thurgau,47.55993,8.8998,,,,,1.0,0.0,,,,
2020-03-08T00:00:00,Switzerland,TI,Ticino,46.009279,8.955575999999999,,,,,58.0,15.0,,,,
2020-03-08T00:00:00,Switzerland,UR,Uri,46.880421999999996,8.644409,,,,,0.0,0.0,,,,
2020-03-08T00:00:00,Switzerland,VD,Vaud,46.5369,6.58478,,,,,40.0,10.0,,,,
2020-03-08T00:00:00,Switzerland,VS,Valais,46.209567,7.604659,,,,,5.0,0.0,,,,
2020-03-08T00:00:00,Switzerland,ZG,Zug,47.157296,8.537294000000001,,,,,7.0,1.0,,,,
2020-03-08T00:00:00,Switzerland,ZH,Zürich,47.451541999999996,8.564572,,,,,34.0,6.0,,0.0,,
2020-03-09T00:00:00,Switzerland,AG,Aargau,47.449406,8.327494999999999,,,,,14.0,0.0,,,,
2020-03-09T00:00:00,Switzerland,AI,Appenzell Innerrhoden,47.328414,9.409647,,,,,0.0,0.0,,,,
2020-03-09T00:00:00,Switzerland,AR,Appenzell Ausserrhoden,47.382709999999996,9.27186,,,,,2.0,1.0,,,,
2020-03-09T00:00:00,Switzerland,BE,Bern,46.916667,7.466667,,,,,34.0,3.0,,0.0,,
2020-03-09T00:00:00,Switzerland,BL,Baselland,47.482779,7.742975,,,,,20.0,1.0,,,,
2020-03-09T00:00:00,Switzerland,BS,Basel-Stadt,47.558395000000004,7.573271000000001,,,,,29.0,4.0,,,,
2020-03-09T00:00:00,Switzerland,FR,Fribourg,46.718391,7.074008,,,,,10.0,2.0,,,,
2020-03-09T00:00:00,Switzerland,GE,Genève,46.195602,6.1481129999999995,,,,,44.0,9.0,,1.0,,
2020-03-09T00:00:00,Switzerland,GL,Glarus,47.04057,9.068036,,,,,0.0,0.0,,,,
2020-03-09T00:00:00,Switzerland,GR,Graubünden,46.796756,10.305946,,,,,17.0,0.0,,,,
2020-03-09T00:00:00,Switzerland,JU,Jura,47.350744,7.156107,,,,,3.0,0.0,,,,
2020-03-09T00:00:00,Switzerland,LU,Luzern,47.083333,8.266667,,,,,5.0,-1.0,,,,
2020-03-09T00:00:00,Switzerland,NE,Neuchatel,46.995534,6.780125999999999,,,,,17.0,4.0,,,,
2020-03-09T00:00:00,Switzerland,NW,Nidwalden,46.95805,8.36609,,,,,0.0,0.0,,,,
2020-03-09T00:00:00,Switzerland,OW,Obwalden,46.898509000000004,8.250681,,,,,0.0,0.0,,,,
2020-03-09T00:00:00,Switzerland,SG,St.Gallen,47.43162,9.39845,,,,,3.0,0.0,,,,
2020-03-09T00:00:00,Switzerland,SH,Schaffhausen,47.713570000000004,8.59167,,,,,0.0,0.0,,,,
2020-03-09T00:00:00,Switzerland,SO,Solothurn,47.206649,7.516605,,,,,1.0,0.0,,,,
2020-03-09T00:00:00,Switzerland,SZ,Schwyz,47.061787,8.756585000000001,,,,,7.0,0.0,,,,
2020-03-09T00:00:00,Switzerland,TG,Thurgau,47.55993,8.8998,,,,,2.0,1.0,,,,
2020-03-09T00:00:00,Switzerland,TI,Ticino,46.009279,8.955575999999999,,,,,67.0,9.0,,,,
2020-03-09T00:00:00,Switzerland,UR,Uri,46.880421999999996,8.644409,,,,,0.0,0.0,,,,
2020-03-09T00:00:00,Switzerland,VD,Vaud,46.5369,6.58478,,,,,51.0,11.0,,,,
2020-03-09T00:00:00,Switzerland,VS,Valais,46.209567,7.604659,,,,,7.0,2.0,,,,
2020-03-09T00:00:00,Switzerland,ZG,Zug,47.157296,8.537294000000001,,,,,7.0,0.0,,,,
2020-03-09T00:00:00,Switzerland,ZH,Zürich,47.451541999999996,8.564572,,,,,36.0,2.0,,0.0,,
2020-03-10T00:00:00,Switzerland,AG,Aargau,47.449406,8.327494999999999,,,,,15.0,1.0,,,,
2020-03-10T00:00:00,Switzerland,AI,Appenzell Innerrhoden,47.328414,9.409647,,,,,0.0,0.0,,,,
2020-03-10T00:00:00,Switzerland,AR,Appenzell Ausserrhoden,47.382709999999996,9.27186,,,,,2.0,0.0,,,,
2020-03-10T00:00:00,Switzerland,BE,Bern,46.916667,7.466667,,,,,39.0,5.0,,0.0,,
2020-03-10T00:00:00,Switzerland,BL,Baselland,47.482779,7.742975,,,,,22.0,2.0,,,,
2020-03-10T00:00:00,Switzerland,BS,Basel-Stadt,47.558395000000004,7.573271000000001,,,,,39.0,10.0,,,,
2020-03-10T00:00:00,Switzerland,FR,Fribourg,46.718391,7.074008,,,,,12.0,2.0,,,,
2020-03-10T00:00:00,Switzerland,GE,Genève,46.195602,6.1481129999999995,,,,,68.0,24.0,,2.0,,
2020-03-10T00:00:00,Switzerland,GL,Glarus,47.04057,9.068036,,,,,0.0,0.0,,,,
2020-03-10T00:00:00,Switzerland,GR,Graubünden,46.796756,10.305946,,,,,18.0,1.0,,,,
2020-03-10T00:00:00,Switzerland,JU,Jura,47.350744,7.156107,,,,,4.0,1.0,,,,
2020-03-10T00:00:00,Switzerland,LU,Luzern,47.083333,8.266667,,,,,6.0,1.0,,,,
2020-03-10T00:00:00,Switzerland,NE,Neuchatel,46.995534,6.780125999999999,,,,,27.0,10.0,,,,
2020-03-10T00:00:00,Switzerland,NW,Nidwalden,46.95805,8.36609,,,,,0.0,0.0,,,,
2020-03-10T00:00:00,Switzerland,OW,Obwalden,46.898509000000004,8.250681,,,,,0.0,0.0,,,,
2020-03-10T00:00:00,Switzerland,SG,St.Gallen,47.43162,9.39845,,,,,7.0,4.0,,,,
2020-03-10T00:00:00,Switzerland,SH,Schaffhausen,47.713570000000004,8.59167,,,,,0.0,0.0,,,,
2020-03-10T00:00:00,Switzerland,SO,Solothurn,47.206649,7.516605,,,,,1.0,0.0,,,,
2020-03-10T00:00:00,Switzerland,SZ,Schwyz,47.061787,8.756585000000001,,,,,7.0,0.0,,,,
2020-03-10T00:00:00,Switzerland,TG,Thurgau,47.55993,8.8998,,,,,3.0,1.0,,,,
2020-03-10T00:00:00,Switzerland,TI,Ticino,46.009279,8.955575999999999,,,,,91.0,24.0,,,,
2020-03-10T00:00:00,Switzerland,UR,Uri,46.880421999999996,8.644409,,,,,0.0,0.0,,,,
2020-03-10T00:00:00,Switzerland,VD,Vaud,46.5369,6.58478,,,,,77.0,26.0,,,,
2020-03-10T00:00:00,Switzerland,VS,Valais,46.209567,7.604659,,,,,15.0,8.0,,,,
2020-03-10T00:00:00,Switzerland,ZG,Zug,47.157296,8.537294000000001,,,,,7.0,0.0,,,,
2020-03-10T00:00:00,Switzerland,ZH,Zürich,47.451541999999996,8.564572,,,,,45.0,9.0,,0.0,,
2020-03-11T00:00:00,Switzerland,AG,Aargau,47.449406,8.327494999999999,,,,,17.0,2.0,,,,
2020-03-11T00:00:00,Switzerland,AI,Appenzell Innerrhoden,47.328414,9.409647,,,,,0.0,0.0,,,,
2020-03-11T00:00:00,Switzerland,AR,Appenzell Ausserrhoden,47.382709999999996,9.27186,,,,,2.0,0.0,,,,
2020-03-11T00:00:00,Switzerland,BE,Bern,46.916667,7.466667,,,,,41.0,2.0,,0.0,,
2020-03-11T00:00:00,Switzerland,BL,Baselland,47.482779,7.742975,,,,,23.0,1.0,,,,
2020-03-11T00:00:00,Switzerland,BS,Basel-Stadt,47.558395000000004,7.573271000000001,,,,,49.0,10.0,,,,
2020-03-11T00:00:00,Switzerland,FR,Fribourg,46.718391,7.074008,,,,,16.0,4.0,,,,
2020-03-11T00:00:00,Switzerland,GE,Genève,46.195602,6.1481129999999995,,,,,79.0,11.0,,2.0,,
2020-03-11T00:00:00,Switzerland,GL,Glarus,47.04057,9.068036,,,,,2.0,2.0,,,,
2020-03-11T00:00:00,Switzerland,GR,Graubünden,46.796756,10.305946,,,,,23.0,5.0,,,,
2020-03-11T00:00:00,Switzerland,JU,Jura,47.350744,7.156107,,,,,5.0,1.0,,,,
2020-03-11T00:00:00,Switzerland,LU,Luzern,47.083333,8.266667,,,,,7.0,1.0,,,,
2020-03-11T00:00:00,Switzerland,NE,Neuchatel,46.995534,6.780125999999999,,,,,27.0,0.0,,,,
2020-03-11T00:00:00,Switzerland,NW,Nidwalden,46.95805,8.36609,,,,,4.0,4.0,,,,
2020-03-11T00:00:00,Switzerland,OW,Obwalden,46.898509000000004,8.250681,,,,,0.0,0.0,,,,
2020-03-11T00:00:00,Switzerland,SG,St.Gallen,47.43162,9.39845,,,,,10.0,3.0,,,,
2020-03-11T00:00:00,Switzerland,SH,Schaffhausen,47.713570000000004,8.59167,,,,,1.0,1.0,,,,
2020-03-11T00:00:00,Switzerland,SO,Solothurn,47.206649,7.516605,,,,,3.0,2.0,,,,
2020-03-11T00:00:00,Switzerland,SZ,Schwyz,47.061787,8.756585000000001,,,,,8.0,1.0,,,,
2020-03-11T00:00:00,Switzerland,TG,Thurgau,47.55993,8.8998,,,,,4.0,1.0,,,,
2020-03-11T00:00:00,Switzerland,TI,Ticino,46.009279,8.955575999999999,,,,,131.0,40.0,,,,
2020-03-11T00:00:00,Switzerland,UR,Uri,46.880421999999996,8.644409,,,,,0.0,0.0,,,,
2020-03-11T00:00:00,Switzerland,VD,Vaud,46.5369,6.58478,,,,,108.0,31.0,,,,
2020-03-11T00:00:00,Switzerland,VS,Valais,46.209567,7.604659,,,,,18.0,3.0,,,,
2020-03-11T00:00:00,Switzerland,ZG,Zug,47.157296,8.537294000000001,,,,,7.0,0.0,,,,
2020-03-11T00:00:00,Switzerland,ZH,Zürich,47.451541999999996,8.564572,,,,,55.0,10.0,,0.0,,
2020-03-12T00:00:00,Switzerland,AG,Aargau,47.449406,8.327494999999999,,,,,22.0,5.0,,,,
2020-03-12T00:00:00,Switzerland,AI,Appenzell Innerrhoden,47.328414,9.409647,,,,,0.0,0.0,,,,
2020-03-12T00:00:00,Switzerland,AR,Appenzell Ausserrhoden,47.382709999999996,9.27186,,,,,2.0,0.0,,,,
2020-03-12T00:00:00,Switzerland,BE,Bern,46.916667,7.466667,,,,,51.0,10.0,,0.0,,
2020-03-12T00:00:00,Switzerland,BL,Baselland,47.482779,7.742975,,,,,29.0,6.0,,,,
2020-03-12T00:00:00,Switzerland,BS,Basel-Stadt,47.558395000000004,7.573271000000001,,,,,80.0,31.0,,,,
2020-03-12T00:00:00,Switzerland,FR,Fribourg,46.718391,7.074008,,,,,22.0,6.0,,,,
2020-03-12T00:00:00,Switzerland,GE,Genève,46.195602,6.1481129999999995,,,,,108.0,29.0,,2.0,,
2020-03-12T00:00:00,Switzerland,GL,Glarus,47.04057,9.068036,,,,,2.0,0.0,,,,
2020-03-12T00:00:00,Switzerland,GR,Graubünden,46.796756,10.305946,,,,,28.0,5.0,,,,
2020-03-12T00:00:00,Switzerland,JU,Jura,47.350744,7.156107,,,,,7.0,2.0,,,,
2020-03-12T00:00:00,Switzerland,LU,Luzern,47.083333,8.266667,,,,,8.0,1.0,,,,
2020-03-12T00:00:00,Switzerland,NE,Neuchatel,46.995534,6.780125999999999,,,,,33.0,6.0,,,,
2020-03-12T00:00:00,Switzerland,NW,Nidwalden,46.95805,8.36609,,,,,5.0,1.0,,,,
2020-03-12T00:00:00,Switzerland,OW,Obwalden,46.898509000000004,8.250681,,,,,0.0,0.0,,,,
2020-03-12T00:00:00,Switzerland,SG,St.Gallen,47.43162,9.39845,,,,,14.0,4.0,,,,
2020-03-12T00:00:00,Switzerland,SH,Schaffhausen,47.713570000000004,8.59167,,,,,1.0,0.0,,,,
2020-03-12T00:00:00,Switzerland,SO,Solothurn,47.206649,7.516605,,,,,7.0,4.0,,,,
2020-03-12T00:00:00,Switzerland,SZ,Schwyz,47.061787,8.756585000000001,,,,,9.0,1.0,,,,
2020-03-12T00:00:00,Switzerland,TG,Thurgau,47.55993,8.8998,,,,,5.0,1.0,,,,
2020-03-12T00:00:00,Switzerland,TI,Ticino,46.009279,8.955575999999999,,,,,170.0,39.0,,,,
2020-03-12T00:00:00,Switzerland,UR,Uri,46.880421999999996,8.644409,,,,,0.0,0.0,,,,
2020-03-12T00:00:00,Switzerland,VD,Vaud,46.5369,6.58478,,,,,156.0,48.0,,,,
2020-03-12T00:00:00,Switzerland,VS,Valais,46.209567,7.604659,,,,,23.0,5.0,,,,
2020-03-12T00:00:00,Switzerland,ZG,Zug,47.157296,8.537294000000001,,,,,7.0,0.0,,,,
2020-03-12T00:00:00,Switzerland,ZH,Zürich,47.451541999999996,8.564572,,,,,91.0,36.0,,0.0,,
2020-03-13T00:00:00,Switzerland,AG,Aargau,47.449406,8.327494999999999,,,,,28.0,6.0,,,,
2020-03-13T00:00:00,Switzerland,AI,Appenzell Innerrhoden,47.328414,9.409647,,,,,0.0,0.0,,,,
2020-03-13T00:00:00,Switzerland,AR,Appenzell Ausserrhoden,47.382709999999996,9.27186,,,,,5.0,3.0,,,,
2020-03-13T00:00:00,Switzerland,BE,Bern,46.916667,7.466667,,,,,62.0,11.0,,0.0,,
2020-03-13T00:00:00,Switzerland,BL,Baselland,47.482779,7.742975,,,,,42.0,13.0,,,,
2020-03-13T00:00:00,Switzerland,BS,Basel-Stadt,47.558395000000004,7.573271000000001,,,,,111.0,31.0,,,,
2020-03-13T00:00:00,Switzerland,FR,Fribourg,46.718391,7.074008,,,,,29.0,7.0,,,,
2020-03-13T00:00:00,Switzerland,GE,Genève,46.195602,6.1481129999999995,,,,,173.0,65.0,,2.0,,
2020-03-13T00:00:00,Switzerland,GL,Glarus,47.04057,9.068036,,,,,4.0,2.0,,,,
2020-03-13T00:00:00,Switzerland,GR,Graubünden,46.796756,10.305946,,,,,39.0,11.0,,,,
2020-03-13T00:00:00,Switzerland,JU,Jura,47.350744,7.156107,,,,,7.0,0.0,,,,
2020-03-13T00:00:00,Switzerland,LU,Luzern,47.083333,8.266667,,,,,13.0,5.0,,,,
2020-03-13T00:00:00,Switzerland,NE,Neuchatel,46.995534,6.780125999999999,,,,,37.0,4.0,,,,
2020-03-13T00:00:00,Switzerland,NW,Nidwalden,46.95805,8.36609,,,,,5.0,0.0,,,,
2020-03-13T00:00:00,Switzerland,OW,Obwalden,46.898509000000004,8.250681,,,,,7.0,7.0,,,,
2020-03-13T00:00:00,Switzerland,SG,St.Gallen,47.43162,9.39845,,,,,19.0,5.0,,,,
2020-03-13T00:00:00,Switzerland,SH,Schaffhausen,47.713570000000004,8.59167,,,,,1.0,0.0,,,,
2020-03-13T00:00:00,Switzerland,SO,Solothurn,47.206649,7.516605,,,,,8.0,1.0,,,,
2020-03-13T00:00:00,Switzerland,SZ,Schwyz,47.061787,8.756585000000001,,,,,10.0,1.0,,,,
2020-03-13T00:00:00,Switzerland,TG,Thurgau,47.55993,8.8998,,,,,5.0,0.0,,,,
2020-03-13T00:00:00,Switzerland,TI,Ticino,46.009279,8.955575999999999,,,,,218.0,48.0,,,,
2020-03-13T00:00:00,Switzerland,UR,Uri,46.880421999999996,8.644409,,,,,2.0,2.0,,,,
2020-03-13T00:00:00,Switzerland,VD,Vaud,46.5369,6.58478,,,,,204.0,48.0,,2.0,,
2020-03-13T00:00:00,Switzerland,VS,Valais,46.209567,7.604659,,,,,29.0,6.0,,1.0,,
2020-03-13T00:00:00,Switzerland,ZG,Zug,47.157296,8.537294000000001,,,,,7.0,0.0,,,,
2020-03-13T00:00:00,Switzerland,ZH,Zürich,47.451541999999996,8.564572,,,,,140.0,49.0,,0.0,,
2020-03-14T00:00:00,Switzerland,AG,Aargau,47.449406,8.327494999999999,,,,,31.0,3.0,,,,
2020-03-14T00:00:00,Switzerland,AI,Appenzell Innerrhoden,47.328414,9.409647,,,,,2.0,2.0,,,,
2020-03-14T00:00:00,Switzerland,AR,Appenzell Ausserrhoden,47.382709999999996,9.27186,,,,,5.0,0.0,,,,
2020-03-14T00:00:00,Switzerland,BE,Bern,46.916667,7.466667,,,,,78.0,16.0,,0.0,,
2020-03-14T00:00:00,Switzerland,BL,Baselland,47.482779,7.742975,,,,,48.0,6.0,,,,
2020-03-14T00:00:00,Switzerland,BS,Basel-Stadt,47.558395000000004,7.573271000000001,,,,,119.0,8.0,,,,
2020-03-14T00:00:00,Switzerland,FR,Fribourg,46.718391,7.074008,,,,,36.0,7.0,,,,
2020-03-14T00:00:00,Switzerland,GE,Genève,46.195602,6.1481129999999995,,,,,282.0,109.0,,2.0,,
2020-03-14T00:00:00,Switzerland,GL,Glarus,47.04057,9.068036,,,,,5.0,1.0,,,,
2020-03-14T00:00:00,Switzerland,GR,Graubünden,46.796756,10.305946,,,,,47.0,8.0,,,,
2020-03-14T00:00:00,Switzerland,JU,Jura,47.350744,7.156107,,,,,10.0,3.0,,,,
2020-03-14T00:00:00,Switzerland,LU,Luzern,47.083333,8.266667,,,,,19.0,6.0,,,,
2020-03-14T00:00:00,Switzerland,NE,Neuchatel,46.995534,6.780125999999999,,,,,39.0,2.0,,,,
2020-03-14T00:00:00,Switzerland,NW,Nidwalden,46.95805,8.36609,,,,,5.0,0.0,,,,
2020-03-14T00:00:00,Switzerland,OW,Obwalden,46.898509000000004,8.250681,,,,,8.0,1.0,,,,
2020-03-14T00:00:00,Switzerland,SG,St.Gallen,47.43162,9.39845,,,,,26.0,7.0,,,,
2020-03-14T00:00:00,Switzerland,SH,Schaffhausen,47.713570000000004,8.59167,,,,,1.0,0.0,,,,
2020-03-14T00:00:00,Switzerland,SO,Solothurn,47.206649,7.516605,,,,,10.0,2.0,,,,
2020-03-14T00:00:00,Switzerland,SZ,Schwyz,47.061787,8.756585000000001,,,,,13.0,3.0,,,,
2020-03-14T00:00:00,Switzerland,TG,Thurgau,47.55993,8.8998,,,,,5.0,0.0,,,,
2020-03-14T00:00:00,Switzerland,TI,Ticino,46.009279,8.955575999999999,,,,,262.0,44.0,,5.0,,
2020-03-14T00:00:00,Switzerland,UR,Uri,46.880421999999996,8.644409,,,,,2.0,0.0,,,,
2020-03-14T00:00:00,Switzerland,VD,Vaud,46.5369,6.58478,,,,,350.0,146.0,,3.0,,
2020-03-14T00:00:00,Switzerland,VS,Valais,46.209567,7.604659,,,,,47.0,18.0,,1.0,,
2020-03-14T00:00:00,Switzerland,ZG,Zug,47.157296,8.537294000000001,,,,,9.0,2.0,,,,
2020-03-14T00:00:00,Switzerland,ZH,Zürich,47.451541999999996,8.564572,,,,,148.0,8.0,,,,
2020-03-15T00:00:00,Switzerland,AG,Aargau,47.449406,8.327494999999999,,,,,,,,,,
2020-03-15T00:00:00,Switzerland,AI,Appenzell Innerrhoden,47.328414,9.409647,,,,,,,,,,
2020-03-15T00:00:00,Switzerland,AR,Appenzell Ausserrhoden,47.382709999999996,9.27186,,,,,,,,,,
2020-03-15T00:00:00,Switzerland,BE,Bern,46.916667,7.466667,,,,,,,,0.0,,
2020-03-15T00:00:00,Switzerland,BL,Baselland,47.482779,7.742975,,,,,54.0,6.0,,,,
2020-03-15T00:00:00,Switzerland,BS,Basel-Stadt,47.558395000000004,7.573271000000001,,,,,,,,2.0,,
2020-03-15T00:00:00,Switzerland,FR,Fribourg,46.718391,7.074008,,,,,40.0,4.0,,,,
2020-03-15T00:00:00,Switzerland,GE,Genève,46.195602,6.1481129999999995,,,,,372.0,90.0,,4.0,,
2020-03-15T00:00:00,Switzerland,GL,Glarus,47.04057,9.068036,,,,,,,,,,
2020-03-15T00:00:00,Switzerland,GR,Graubünden,46.796756,10.305946,,,,,,,,,,
2020-03-15T00:00:00,Switzerland,JU,Jura,47.350744,7.156107,,,,,,,,,,
2020-03-15T00:00:00,Switzerland,LU,Luzern,47.083333,8.266667,,,,,,,,,,
2020-03-15T00:00:00,Switzerland,NE,Neuchatel,46.995534,6.780125999999999,,,,,,,,,,
2020-03-15T00:00:00,Switzerland,NW,Nidwalden,46.95805,8.36609,,,,,8.0,3.0,,,,
2020-03-15T00:00:00,Switzerland,OW,Obwalden,46.898509000000004,8.250681,,,,,,,,,,
2020-03-15T00:00:00,Switzerland,SG,St.Gallen,47.43162,9.39845,,,,,,,,,,
2020-03-15T00:00:00,Switzerland,SH,Schaffhausen,47.713570000000004,8.59167,,,,,,,,,,
2020-03-15T00:00:00,Switzerland,SO,Solothurn,47.206649,7.516605,,,,,,,,,,
2020-03-15T00:00:00,Switzerland,SZ,Schwyz,47.061787,8.756585000000001,,,,,13.0,0.0,,,,
2020-03-15T00:00:00,Switzerland,TG,Thurgau,47.55993,8.8998,,,,,,,,,,
2020-03-15T00:00:00,Switzerland,TI,Ticino,46.009279,8.955575999999999,,,,,291.0,29.0,,6.0,,
2020-03-15T00:00:00,Switzerland,UR,Uri,46.880421999999996,8.644409,,,,,,,,,,
2020-03-15T00:00:00,Switzerland,VD,Vaud,46.5369,6.58478,,,,,406.0,56.0,,4.0,,
2020-03-15T00:00:00,Switzerland,VS,Valais,46.209567,7.604659,,,,,,,,1.0,,
2020-03-15T00:00:00,Switzerland,ZG,Zug,47.157296,8.537294000000001,,,,,,,,,,
2020-03-15T00:00:00,Switzerland,ZH,Zürich,47.451541999999996,8.564572,,,,,,,,,,
2020-03-16T00:00:00,Switzerland,AG,Aargau,47.449406,8.327494999999999,,,,,52.0,,,,,
2020-03-16T00:00:00,Switzerland,AI,Appenzell Innerrhoden,47.328414,9.409647,,,,,,,,,,
2020-03-16T00:00:00,Switzerland,AR,Appenzell Ausserrhoden,47.382709999999996,9.27186,,,,,,,,,,
2020-03-16T00:00:00,Switzerland,BE,Bern,46.916667,7.466667,,,,,131.0,,,1.0,,
2020-03-16T00:00:00,Switzerland,BL,Baselland,47.482779,7.742975,,,,,76.0,22.0,,,,
2020-03-16T00:00:00,Switzerland,BS,Basel-Stadt,47.558395000000004,7.573271000000001,,,,,144.0,,,4.0,,
2020-03-16T00:00:00,Switzerland,FR,Fribourg,46.718391,7.074008,,,,,45.0,5.0,,,,
2020-03-16T00:00:00,Switzerland,GE,Genève,46.195602,6.1481129999999995,,,,,472.0,100.0,,4.0,,
2020-03-16T00:00:00,Switzerland,GL,Glarus,47.04057,9.068036,,,,,,,,,,
2020-03-16T00:00:00,Switzerland,GR,Graubünden,46.796756,10.305946,,,,,,,,,,
2020-03-16T00:00:00,Switzerland,JU,Jura,47.350744,7.156107,,,,,,,,,,
2020-03-16T00:00:00,Switzerland,LU,Luzern,47.083333,8.266667,,,,,,,,,,
2020-03-16T00:00:00,Switzerland,NE,Neuchatel,46.995534,6.780125999999999,,,,,74.0,,,,,
2020-03-16T00:00:00,Switzerland,NW,Nidwalden,46.95805,8.36609,,,,,10.0,2.0,,,,
2020-03-16T00:00:00,Switzerland,OW,Obwalden,46.898509000000004,8.250681,,,,,,,,,,
2020-03-16T00:00:00,Switzerland,SG,St.Gallen,47.43162,9.39845,,,,,35.0,,,,,
2020-03-16T00:00:00,Switzerland,SH,Schaffhausen,47.713570000000004,8.59167,,,,,,,,,,
2020-03-16T00:00:00,Switzerland,SO,Solothurn,47.206649,7.516605,,,,,,,,,,
2020-03-16T00:00:00,Switzerland,SZ,Schwyz,47.061787,8.756585000000001,,,,,,,,,,
2020-03-16T00:00:00,Switzerland,TG,Thurgau,47.55993,8.8998,,,,,17.0,,,,,
2020-03-16T00:00:00,Switzerland,TI,Ticino,46.009279,8.955575999999999,,,,,330.0,39.0,,8.0,,
2020-03-16T00:00:00,Switzerland,UR,Uri,46.880421999999996,8.644409,,,,,,,,,,
2020-03-16T00:00:00,Switzerland,VD,Vaud,46.5369,6.58478,,,,,508.0,102.0,,5.0,,
2020-03-16T00:00:00,Switzerland,VS,Valais,46.209567,7.604659,,,,,,,,1.0,,
2020-03-16T00:00:00,Switzerland,ZG,Zug,47.157296,8.537294000000001,,,,,,,,,,
2020-03-16T00:00:00,Switzerland,ZH,Zürich,47.451541999999996,8.564572,,,,,270.0,,,1.0,,
2020-03-17T00:00:00,Switzerland,AG,Aargau,47.449406,8.327494999999999,,,,,67.0,15.0,,,,
2020-03-17T00:00:00,Switzerland,AI,Appenzell Innerrhoden,47.328414,9.409647,,,,,,,,,,
2020-03-17T00:00:00,Switzerland,AR,Appenzell Ausserrhoden,47.382709999999996,9.27186,,,,,,,,,,
2020-03-17T00:00:00,Switzerland,BE,Bern,46.916667,7.466667,,,,,,,,,,
2020-03-17T00:00:00,Switzerland,BL,Baselland,47.482779,7.742975,,,,,89.0,13.0,,,,
2020-03-17T00:00:00,Switzerland,BS,Basel-Stadt,47.558395000000004,7.573271000000001,,,,,165.0,21.0,,4.0,,
2020-03-17T00:00:00,Switzerland,FR,Fribourg,46.718391,7.074008,,,,,59.0,14.0,,,,
2020-03-17T00:00:00,Switzerland,GE,Genève,46.195602,6.1481129999999995,,,,,619.0,147.0,,4.0,,
2020-03-17T00:00:00,Switzerland,GL,Glarus,47.04057,9.068036,,,,,,,,,,
2020-03-17T00:00:00,Switzerland,GR,Graubünden,46.796756,10.305946,,,,,,,,,,
2020-03-17T00:00:00,Switzerland,JU,Jura,47.350744,7.156107,,,,,23.0,,,,,
2020-03-17T00:00:00,Switzerland,LU,Luzern,47.083333,8.266667,,,,,50.0,,,,,
2020-03-17T00:00:00,Switzerland,NE,Neuchatel,46.995534,6.780125999999999,,,,,77.0,3.0,,,,
2020-03-17T00:00:00,Switzerland,NW,Nidwalden,46.95805,8.36609,,,,,12.0,2.0,,,,
2020-03-17T00:00:00,Switzerland,OW,Obwalden,46.898509000000004,8.250681,,,,,,,,,,
2020-03-17T00:00:00,Switzerland,SG,St.Gallen,47.43162,9.39845,,,,,47.0,12.0,,,,
2020-03-17T00:00:00,Switzerland,SH,Schaffhausen,47.713570000000004,8.59167,,,,,,,,,,
2020-03-17T00:00:00,Switzerland,SO,Solothurn,47.206649,7.516605,,,,,,,,,,
2020-03-17T00:00:00,Switzerland,SZ,Schwyz,47.061787,8.756585000000001,,,,,,,,,,
2020-03-17T00:00:00,Switzerland,TG,Thurgau,47.55993,8.8998,,,,,23.0,6.0,,,,
2020-03-17T00:00:00,Switzerland,TI,Ticino,46.009279,8.955575999999999,,,,,422.0,92.0,,,,
2020-03-17T00:00:00,Switzerland,UR,Uri,46.880421999999996,8.644409,,,,,,,,,,
2020-03-17T00:00:00,Switzerland,VD,Vaud,46.5369,6.58478,,,,,608.0,100.0,,5.0,,
2020-03-17T00:00:00,Switzerland,VS,Valais,46.209567,7.604659,,,,,95.0,,,3.0,,
2020-03-17T00:00:00,Switzerland,ZG,Zug,47.157296,8.537294000000001,,,,,,,,,,
2020-03-17T00:00:00,Switzerland,ZH,Zürich,47.451541999999996,8.564572,,,,,294.0,24.0,,,,
2020-03-18T00:00:00,Switzerland,AG,Aargau,47.449406,8.327494999999999,,,,,101.0,34.0,,,,
2020-03-18T00:00:00,Switzerland,AI,Appenzell Innerrhoden,47.328414,9.409647,,,,,3.0,,,,,
2020-03-18T00:00:00,Switzerland,AR,Appenzell Ausserrhoden,47.382709999999996,9.27186,,,,,10.0,,,,,
2020-03-18T00:00:00,Switzerland,BE,Bern,46.916667,7.466667,,,,,193.0,,,,,
2020-03-18T00:00:00,Switzerland,BL,Baselland,47.482779,7.742975,,,,,116.0,27.0,,,,
2020-03-18T00:00:00,Switzerland,BS,Basel-Stadt,47.558395000000004,7.573271000000001,,,,,182.0,17.0,,4.0,,
2020-03-18T00:00:00,Switzerland,FR,Fribourg,46.718391,7.074008,,,,,86.0,27.0,,,,
2020-03-18T00:00:00,Switzerland,GE,Genève,46.195602,6.1481129999999995,,,,,751.0,132.0,,5.0,,
2020-03-18T00:00:00,Switzerland,GL,Glarus,47.04057,9.068036,,,,,10.0,,,,,
2020-03-18T00:00:00,Switzerland,GR,Graubünden,46.796756,10.305946,,,,,116.0,,,,,
2020-03-18T00:00:00,Switzerland,JU,Jura,47.350744,7.156107,,,,,25.0,2.0,,,,
2020-03-18T00:00:00,Switzerland,LU,Luzern,47.083333,8.266667,,,,,48.0,-2.0,,,,
2020-03-18T00:00:00,Switzerland,NE,Neuchatel,46.995534,6.780125999999999,,,,,99.0,22.0,,,,
2020-03-18T00:00:00,Switzerland,NW,Nidwalden,46.95805,8.36609,,,,,18.0,6.0,,,,
2020-03-18T00:00:00,Switzerland,OW,Obwalden,46.898509000000004,8.250681,,,,,16.0,,,,,
2020-03-18T00:00:00,Switzerland,SG,St.Gallen,47.43162,9.39845,,,,,61.0,14.0,,,,
2020-03-18T00:00:00,Switzerland,SH,Schaffhausen,47.713570000000004,8.59167,,,,,6.0,,,,,
2020-03-18T00:00:00,Switzerland,SO,Solothurn,47.206649,7.516605,,,,,31.0,,,,,
2020-03-18T00:00:00,Switzerland,SZ,Schwyz,47.061787,8.756585000000001,,,,,29.0,,,,,
2020-03-18T00:00:00,Switzerland,TG,Thurgau,47.55993,8.8998,,,,,32.0,9.0,,,,
2020-03-18T00:00:00,Switzerland,TI,Ticino,46.009279,8.955575999999999,,,,,511.0,89.0,,14.0,,
2020-03-18T00:00:00,Switzerland,UR,Uri,46.880421999999996,8.644409,,,,,5.0,,,,,
2020-03-18T00:00:00,Switzerland,VD,Vaud,46.5369,6.58478,,,,,796.0,188.0,,5.0,,
2020-03-18T00:00:00,Switzerland,VS,Valais,46.209567,7.604659,,,,,129.0,34.0,,3.0,,
2020-03-18T00:00:00,Switzerland,ZG,Zug,47.157296,8.537294000000001,,,,,17.0,,,,,
2020-03-18T00:00:00,Switzerland,ZH,Zürich,47.451541999999996,8.564572,,,,,424.0,130.0,,,,
2020-03-19T00:00:00,Switzerland,AG,Aargau,47.449406,8.327494999999999,,,,,118.0,17.0,,,,
2020-03-19T00:00:00,Switzerland,AI,Appenzell Innerrhoden,47.328414,9.409647,,,,,3.0,0.0,,,,
2020-03-19T00:00:00,Switzerland,AR,Appenzell Ausserrhoden,47.382709999999996,9.27186,,,,,16.0,6.0,,,,
2020-03-19T00:00:00,Switzerland,BE,Bern,46.916667,7.466667,,,,,282.0,89.0,,,,
2020-03-19T00:00:00,Switzerland,BL,Baselland,47.482779,7.742975,,,,,139.0,23.0,,,,
2020-03-19T00:00:00,Switzerland,BS,Basel-Stadt,47.558395000000004,7.573271000000001,,,,,222.0,40.0,,4.0,,
2020-03-19T00:00:00,Switzerland,FR,Fribourg,46.718391,7.074008,,,,,111.0,25.0,,1.0,,
2020-03-19T00:00:00,Switzerland,GE,Genève,46.195602,6.1481129999999995,,,,,961.0,210.0,,5.0,,
2020-03-19T00:00:00,Switzerland,GL,Glarus,47.04057,9.068036,,,,,16.0,6.0,,,,
2020-03-19T00:00:00,Switzerland,GR,Graubünden,46.796756,10.305946,,,,,145.0,29.0,,,,
2020-03-19T00:00:00,Switzerland,JU,Jura,47.350744,7.156107,,,,,27.0,2.0,,,,
2020-03-19T00:00:00,Switzerland,LU,Luzern,47.083333,8.266667,,,,,63.0,15.0,,,,
2020-03-19T00:00:00,Switzerland,NE,Neuchatel,46.995534,6.780125999999999,,,,,132.0,33.0,,,,
2020-03-19T00:00:00,Switzerland,NW,Nidwalden,46.95805,8.36609,,,,,25.0,7.0,,,,
2020-03-19T00:00:00,Switzerland,OW,Obwalden,46.898509000000004,8.250681,,,,,17.0,1.0,,,,
2020-03-19T00:00:00,Switzerland,SG,St.Gallen,47.43162,9.39845,,,,,85.0,24.0,,,,
2020-03-19T00:00:00,Switzerland,SH,Schaffhausen,47.713570000000004,8.59167,,,,,8.0,2.0,,,,
2020-03-19T00:00:00,Switzerland,SO,Solothurn,47.206649,7.516605,,,,,39.0,8.0,,,,
2020-03-19T00:00:00,Switzerland,SZ,Schwyz,47.061787,8.756585000000001,,,,,35.0,6.0,,,,
2020-03-19T00:00:00,Switzerland,TG,Thurgau,47.55993,8.8998,,,,,36.0,4.0,,,,
2020-03-19T00:00:00,Switzerland,TI,Ticino,46.009279,8.955575999999999,,,,,638.0,127.0,,15.0,,
2020-03-19T00:00:00,Switzerland,UR,Uri,46.880421999999996,8.644409,,,,,7.0,2.0,,,,
2020-03-19T00:00:00,Switzerland,VD,Vaud,46.5369,6.58478,,,,,1212.0,416.0,,7.0,,
2020-03-19T00:00:00,Switzerland,VS,Valais,46.209567,7.604659,,,,,232.0,103.0,,4.0,,
2020-03-19T00:00:00,Switzerland,ZG,Zug,47.157296,8.537294000000001,,,,,23.0,6.0,,,,
2020-03-19T00:00:00,Switzerland,ZH,Zürich,47.451541999999996,8.564572,,,,,526.0,102.0,,3.0,,
2020-03-20T00:00:00,Switzerland,AG,Aargau,47.449406,8.327494999999999,,,,,168.0,50.0,,,,
2020-03-20T00:00:00,Switzerland,AI,Appenzell Innerrhoden,47.328414,9.409647,,,,,3.0,0.0,,,,
2020-03-20T00:00:00,Switzerland,AR,Appenzell Ausserrhoden,47.382709999999996,9.27186,,,,,18.0,2.0,,,,
2020-03-20T00:00:00,Switzerland,BE,Bern,46.916667,7.466667,,,,,377.0,95.0,,2.0,,
2020-03-20T00:00:00,Switzerland,BL,Baselland,47.482779,7.742975,,,,,184.0,45.0,,2.0,,
2020-03-20T00:00:00,Switzerland,BS,Basel-Stadt,47.558395000000004,7.573271000000001,,,,,272.0,50.0,,4.0,,
2020-03-20T00:00:00,Switzerland,FR,Fribourg,46.718391,7.074008,,,,,145.0,34.0,,1.0,,
2020-03-20T00:00:00,Switzerland,GE,Genève,46.195602,6.1481129999999995,,,,,1136.0,175.0,,8.0,,
2020-03-20T00:00:00,Switzerland,GL,Glarus,47.04057,9.068036,,,,,18.0,2.0,,,,
2020-03-20T00:00:00,Switzerland,GR,Graubünden,46.796756,10.305946,,,,,159.0,14.0,,1.0,,
2020-03-20T00:00:00,Switzerland,JU,Jura,47.350744,7.156107,,,,,29.0,2.0,,,,
2020-03-20T00:00:00,Switzerland,LU,Luzern,47.083333,8.266667,,,,,92.0,29.0,,,,
2020-03-20T00:00:00,Switzerland,NE,Neuchatel,46.995534,6.780125999999999,,,,,159.0,27.0,,,,
2020-03-20T00:00:00,Switzerland,NW,Nidwalden,46.95805,8.36609,,,,,28.0,3.0,,,,
2020-03-20T00:00:00,Switzerland,OW,Obwalden,46.898509000000004,8.250681,,,,,17.0,0.0,,,,
2020-03-20T00:00:00,Switzerland,SG,St.Gallen,47.43162,9.39845,,,,,98.0,13.0,,,,
2020-03-20T00:00:00,Switzerland,SH,Schaffhausen,47.713570000000004,8.59167,,,,,14.0,6.0,,,,
2020-03-20T00:00:00,Switzerland,SO,Solothurn,47.206649,7.516605,,,,,46.0,7.0,,,,
2020-03-20T00:00:00,Switzerland,SZ,Schwyz,47.061787,8.756585000000001,,,,,39.0,4.0,,,,
2020-03-20T00:00:00,Switzerland,TG,Thurgau,47.55993,8.8998,,,,,49.0,13.0,,,,
2020-03-20T00:00:00,Switzerland,TI,Ticino,46.009279,8.955575999999999,,,,,834.0,196.0,,,,
2020-03-20T00:00:00,Switzerland,UR,Uri,46.880421999999996,8.644409,,,,,7.0,0.0,,,,
2020-03-20T00:00:00,Switzerland,VD,Vaud,46.5369,6.58478,,,,,1432.0,220.0,,12.0,,
2020-03-20T00:00:00,Switzerland,VS,Valais,46.209567,7.604659,,,,,282.0,50.0,,4.0,,
2020-03-20T00:00:00,Switzerland,ZG,Zug,47.157296,8.537294000000001,,,,,48.0,25.0,,,,
2020-03-20T00:00:00,Switzerland,ZH,Zürich,47.451541999999996,8.564572,,,,,773.0,247.0,,3.0,,
2020-03-21T00:00:00,Switzerland,AG,Aargau,47.449406,8.327494999999999,,,,,175.0,7.0,,1.0,,
2020-03-21T00:00:00,Switzerland,AI,Appenzell Innerrhoden,47.328414,9.409647,,,,,3.0,0.0,,,,
2020-03-21T00:00:00,Switzerland,AR,Appenzell Ausserrhoden,47.382709999999996,9.27186,,,,,22.0,4.0,,1.0,,
2020-03-21T00:00:00,Switzerland,BE,Bern,46.916667,7.466667,,,,,418.0,41.0,,3.0,,
2020-03-21T00:00:00,Switzerland,BL,Baselland,47.482779,7.742975,,,,,282.0,98.0,,3.0,,
2020-03-21T00:00:00,Switzerland,BS,Basel-Stadt,47.558395000000004,7.573271000000001,,,,,299.0,27.0,,5.0,,
2020-03-21T00:00:00,Switzerland,FR,Fribourg,46.718391,7.074008,,,,,167.0,22.0,,2.0,,
2020-03-21T00:00:00,Switzerland,GE,Genève,46.195602,6.1481129999999995,,,,,1262.0,126.0,,9.0,,
2020-03-21T00:00:00,Switzerland,GL,Glarus,47.04057,9.068036,,,,,21.0,3.0,,,,
2020-03-21T00:00:00,Switzerland,GR,Graubünden,46.796756,10.305946,,,,,239.0,80.0,,3.0,,
2020-03-21T00:00:00,Switzerland,JU,Jura,47.350744,7.156107,,,,,49.0,20.0,,,,
2020-03-21T00:00:00,Switzerland,LU,Luzern,47.083333,8.266667,,,,,109.0,17.0,,1.0,,
2020-03-21T00:00:00,Switzerland,NE,Neuchatel,46.995534,6.780125999999999,,,,,177.0,18.0,,2.0,,
2020-03-21T00:00:00,Switzerland,NW,Nidwalden,46.95805,8.36609,,,,,33.0,5.0,,,,
2020-03-21T00:00:00,Switzerland,OW,Obwalden,46.898509000000004,8.250681,,,,,19.0,2.0,,,,
2020-03-21T00:00:00,Switzerland,SG,St.Gallen,47.43162,9.39845,,,,,137.0,39.0,,,,
2020-03-21T00:00:00,Switzerland,SH,Schaffhausen,47.713570000000004,8.59167,,,,,17.0,3.0,,,,
2020-03-21T00:00:00,Switzerland,SO,Solothurn,47.206649,7.516605,,,,,58.0,12.0,,,,
2020-03-21T00:00:00,Switzerland,SZ,Schwyz,47.061787,8.756585000000001,,,,,56.0,17.0,,,,
2020-03-21T00:00:00,Switzerland,TG,Thurgau,47.55993,8.8998,,,,,56.0,7.0,,,,
2020-03-21T00:00:00,Switzerland,TI,Ticino,46.009279,8.955575999999999,,,,,918.0,84.0,,28.0,,
2020-03-21T00:00:00,Switzerland,UR,Uri,46.880421999999996,8.644409,,,,,12.0,5.0,,,,
2020-03-21T00:00:00,Switzerland,VD,Vaud,46.5369,6.58478,,,,,1676.0,244.0,,15.0,,
2020-03-21T00:00:00,Switzerland,VS,Valais,46.209567,7.604659,,,,,359.0,77.0,,9.0,,
2020-03-21T00:00:00,Switzerland,ZG,Zug,47.157296,8.537294000000001,,,,,,,,,,
2020-03-21T00:00:00,Switzerland,ZH,Zürich,47.451541999999996,8.564572,,,,,,,,3.0,,
2020-03-22T00:00:00,Switzerland,AG,Aargau,47.449406,8.327494999999999,,,,,232.0,57.0,,1.0,,
2020-03-22T00:00:00,Switzerland,AI,Appenzell Innerrhoden,47.328414,9.409647,,,,,3.0,0.0,,,,
2020-03-22T00:00:00,Switzerland,AR,Appenzell Ausserrhoden,47.382709999999996,9.27186,,,,,26.0,4.0,,1.0,,
2020-03-22T00:00:00,Switzerland,BE,Bern,46.916667,7.466667,,,,,,,,3.0,,
2020-03-22T00:00:00,Switzerland,BL,Baselland,47.482779,7.742975,,,,,289.0,7.0,,3.0,,
2020-03-22T00:00:00,Switzerland,BS,Basel-Stadt,47.558395000000004,7.573271000000001,,,,,358.0,59.0,,5.0,,
2020-03-22T00:00:00,Switzerland,FR,Fribourg,46.718391,7.074008,,,,,202.0,35.0,,3.0,,
2020-03-22T00:00:00,Switzerland,GE,Genève,46.195602,6.1481129999999995,,,,,1417.0,155.0,,9.0,,
2020-03-22T00:00:00,Switzerland,GL,Glarus,47.04057,9.068036,,,,,24.0,3.0,,,,
2020-03-22T00:00:00,Switzerland,GR,Graubünden,46.796756,10.305946,,,,,257.0,18.0,,5.0,,
2020-03-22T00:00:00,Switzerland,JU,Jura,47.350744,7.156107,,,,,51.0,2.0,,,,
2020-03-22T00:00:00,Switzerland,LU,Luzern,47.083333,8.266667,,,,,131.0,22.0,,1.0,,
2020-03-22T00:00:00,Switzerland,NE,Neuchatel,46.995534,6.780125999999999,,,,,188.0,11.0,,2.0,,
2020-03-22T00:00:00,Switzerland,NW,Nidwalden,46.95805,8.36609,,,,,36.0,3.0,,,,
2020-03-22T00:00:00,Switzerland,OW,Obwalden,46.898509000000004,8.250681,,,,,20.0,1.0,,,,
2020-03-22T00:00:00,Switzerland,SG,St.Gallen,47.43162,9.39845,,,,,163.0,26.0,,,,
2020-03-22T00:00:00,Switzerland,SH,Schaffhausen,47.713570000000004,8.59167,,,,,28.0,11.0,,,,
2020-03-22T00:00:00,Switzerland,SO,Solothurn,47.206649,7.516605,,,,,68.0,10.0,,,,
2020-03-22T00:00:00,Switzerland,SZ,Schwyz,47.061787,8.756585000000001,,,,,70.0,14.0,,,,
2020-03-22T00:00:00,Switzerland,TG,Thurgau,47.55993,8.8998,,,,,75.0,19.0,,,,
2020-03-22T00:00:00,Switzerland,TI,Ticino,46.009279,8.955575999999999,,,,,939.0,21.0,,37.0,,
2020-03-22T00:00:00,Switzerland,UR,Uri,46.880421999999996,8.644409,,,,,12.0,0.0,,,,
2020-03-22T00:00:00,Switzerland,VD,Vaud,46.5369,6.58478,,,,,1782.0,106.0,,15.0,,
2020-03-22T00:00:00,Switzerland,VS,Valais,46.209567,7.604659,,,,,432.0,73.0,,10.0,,
2020-03-22T00:00:00,Switzerland,ZG,Zug,47.157296,8.537294000000001,,,,,,,,,,
2020-03-22T00:00:00,Switzerland,ZH,Zürich,47.451541999999996,8.564572,,,,,891.0,,,3.0,,
2020-03-23T00:00:00,Switzerland,AG,Aargau,47.449406,8.327494999999999,,,,,241.0,9.0,,1.0,,
2020-03-23T00:00:00,Switzerland,AI,Appenzell Innerrhoden,47.328414,9.409647,,,,,4.0,1.0,,,,
2020-03-23T00:00:00,Switzerland,AR,Appenzell Ausserrhoden,47.382709999999996,9.27186,,,,,30.0,4.0,,1.0,,
2020-03-23T00:00:00,Switzerland,BE,Bern,46.916667,7.466667,,,,,470.0,,,5.0,,
2020-03-23T00:00:00,Switzerland,BL,Baselland,47.482779,7.742975,,,,,302.0,13.0,,3.0,,
2020-03-23T00:00:00,Switzerland,BS,Basel-Stadt,47.558395000000004,7.573271000000001,,,,,376.0,18.0,,5.0,,
2020-03-23T00:00:00,Switzerland,FR,Fribourg,46.718391,7.074008,,,,,226.0,24.0,,4.0,,
2020-03-23T00:00:00,Switzerland,GE,Genève,46.195602,6.1481129999999995,,,,,1509.0,92.0,,9.0,,
2020-03-23T00:00:00,Switzerland,GL,Glarus,47.04057,9.068036,,,,,31.0,7.0,,,,
2020-03-23T00:00:00,Switzerland,GR,Graubünden,46.796756,10.305946,,,,,266.0,9.0,,6.0,,
2020-03-23T00:00:00,Switzerland,JU,Jura,47.350744,7.156107,,,,,57.0,6.0,,,,
2020-03-23T00:00:00,Switzerland,LU,Luzern,47.083333,8.266667,,,,,156.0,25.0,,1.0,,
2020-03-23T00:00:00,Switzerland,NE,Neuchatel,46.995534,6.780125999999999,,,,,204.0,16.0,,2.0,,
2020-03-23T00:00:00,Switzerland,NW,Nidwalden,46.95805,8.36609,,,,,39.0,3.0,,,,
2020-03-23T00:00:00,Switzerland,OW,Obwalden,46.898509000000004,8.250681,,,,,25.0,5.0,,,,
2020-03-23T00:00:00,Switzerland,SG,St.Gallen,47.43162,9.39845,,,,,200.0,37.0,,,,
2020-03-23T00:00:00,Switzerland,SH,Schaffhausen,47.713570000000004,8.59167,,,,,30.0,2.0,,,,
2020-03-23T00:00:00,Switzerland,SO,Solothurn,47.206649,7.516605,,,,,104.0,36.0,,1.0,,
2020-03-23T00:00:00,Switzerland,SZ,Schwyz,47.061787,8.756585000000001,,,,,73.0,3.0,,,,
2020-03-23T00:00:00,Switzerland,TG,Thurgau,47.55993,8.8998,,,,,81.0,6.0,,,,
2020-03-23T00:00:00,Switzerland,TI,Ticino,46.009279,8.955575999999999,,,,,1165.0,226.0,,48.0,,
2020-03-23T00:00:00,Switzerland,UR,Uri,46.880421999999996,8.644409,,,,,22.0,10.0,,,,
2020-03-23T00:00:00,Switzerland,VD,Vaud,46.5369,6.58478,,,,,1822.0,40.0,,17.0,,
2020-03-23T00:00:00,Switzerland,VS,Valais,46.209567,7.604659,,,,,492.0,60.0,,12.0,,
2020-03-23T00:00:00,Switzerland,ZG,Zug,47.157296,8.537294000000001,,,,,62.0,,,,,
2020-03-23T00:00:00,Switzerland,ZH,Zürich,47.451541999999996,8.564572,,,,,1068.0,177.0,,5.0,,
2020-03-24T00:00:00,Switzerland,AG,Aargau,47.449406,8.327494999999999,,,,,266.0,25.0,,2.0,,
2020-03-24T00:00:00,Switzerland,AI,Appenzell Innerrhoden,47.328414,9.409647,,,,,8.0,4.0,,,,
2020-03-24T00:00:00,Switzerland,AR,Appenzell Ausserrhoden,47.382709999999996,9.27186,,,,,33.0,3.0,,2.0,,
2020-03-24T00:00:00,Switzerland,BE,Bern,46.916667,7.466667,,,,,532.0,62.0,,6.0,,
2020-03-24T00:00:00,Switzerland,BL,Baselland,47.482779,7.742975,,,,,306.0,4.0,,4.0,,
2020-03-24T00:00:00,Switzerland,BS,Basel-Stadt,47.558395000000004,7.573271000000001,,,,,414.0,38.0,,5.0,,
2020-03-24T00:00:00,Switzerland,FR,Fribourg,46.718391,7.074008,,,,,255.0,29.0,,5.0,,
2020-03-24T00:00:00,Switzerland,GE,Genève,46.195602,6.1481129999999995,,,,,1598.0,89.0,,12.0,,
2020-03-24T00:00:00,Switzerland,GL,Glarus,47.04057,9.068036,,,,,33.0,2.0,,,,
2020-03-24T00:00:00,Switzerland,GR,Graubünden,46.796756,10.305946,,,,,276.0,10.0,,6.0,,
2020-03-24T00:00:00,Switzerland,JU,Jura,47.350744,7.156107,,,,,66.0,9.0,,,,
2020-03-24T00:00:00,Switzerland,LU,Luzern,47.083333,8.266667,,,,,205.0,49.0,,2.0,,
2020-03-24T00:00:00,Switzerland,NE,Neuchatel,46.995534,6.780125999999999,,,,,230.0,26.0,,2.0,,
2020-03-24T00:00:00,Switzerland,NW,Nidwalden,46.95805,8.36609,,,,,42.0,3.0,,,,
2020-03-24T00:00:00,Switzerland,OW,Obwalden,46.898509000000004,8.250681,,,,,25.0,0.0,,,,
2020-03-24T00:00:00,Switzerland,SG,St.Gallen,47.43162,9.39845,,,,,203.0,3.0,,1.0,,
2020-03-24T00:00:00,Switzerland,SH,Schaffhausen,47.713570000000004,8.59167,,,,,32.0,2.0,,,,
2020-03-24T00:00:00,Switzerland,SO,Solothurn,47.206649,7.516605,,,,,129.0,25.0,,1.0,,
2020-03-24T00:00:00,Switzerland,SZ,Schwyz,47.061787,8.756585000000001,,,,,80.0,7.0,,,,
2020-03-24T00:00:00,Switzerland,TG,Thurgau,47.55993,8.8998,,,,,87.0,6.0,,1.0,,
2020-03-24T00:00:00,Switzerland,TI,Ticino,46.009279,8.955575999999999,,,,,1211.0,46.0,,53.0,,
2020-03-24T00:00:00,Switzerland,UR,Uri,46.880421999999996,8.644409,,,,,25.0,3.0,,,,
2020-03-24T00:00:00,Switzerland,VD,Vaud,46.5369,6.58478,,,,,2168.0,346.0,,21.0,,
2020-03-24T00:00:00,Switzerland,VS,Valais,46.209567,7.604659,,,,,544.0,52.0,,13.0,,
2020-03-24T00:00:00,Switzerland,ZG,Zug,47.157296,8.537294000000001,,,,,72.0,10.0,,,,
2020-03-24T00:00:00,Switzerland,ZH,Zürich,47.451541999999996,8.564572,,,,,1211.0,143.0,,5.0,,
2020-03-25T00:00:00,Switzerland,AG,Aargau,47.449406,8.327494999999999,,,,,319.0,53.0,,2.0,,
2020-03-25T00:00:00,Switzerland,AI,Appenzell Innerrhoden,47.328414,9.409647,,,,,9.0,1.0,,,,
2020-03-25T00:00:00,Switzerland,AR,Appenzell Ausserrhoden,47.382709999999996,9.27186,,,,,34.0,1.0,,2.0,,
2020-03-25T00:00:00,Switzerland,BE,Bern,46.916667,7.466667,,,,,624.0,92.0,,6.0,,
2020-03-25T00:00:00,Switzerland,BL,Baselland,47.482779,7.742975,,,,,341.0,35.0,,5.0,,
2020-03-25T00:00:00,Switzerland,BS,Basel-Stadt,47.558395000000004,7.573271000000001,,,,,466.0,52.0,,8.0,,
2020-03-25T00:00:00,Switzerland,FR,Fribourg,46.718391,7.074008,,,,,293.0,38.0,,6.0,,
2020-03-25T00:00:00,Switzerland,GE,Genève,46.195602,6.1481129999999995,,,,,1708.0,110.0,,15.0,,
2020-03-25T00:00:00,Switzerland,GL,Glarus,47.04057,9.068036,,,,,40.0,7.0,,,,
2020-03-25T00:00:00,Switzerland,GR,Graubünden,46.796756,10.305946,,,,,322.0,46.0,,6.0,,
2020-03-25T00:00:00,Switzerland,JU,Jura,47.350744,7.156107,,,,,78.0,12.0,,,,
2020-03-25T00:00:00,Switzerland,LU,Luzern,47.083333,8.266667,,,,,228.0,23.0,,2.0,,
2020-03-25T00:00:00,Switzerland,NE,Neuchatel,46.995534,6.780125999999999,,,,,256.0,26.0,,2.0,,
2020-03-25T00:00:00,Switzerland,NW,Nidwalden,46.95805,8.36609,,,,,44.0,2.0,,,,
2020-03-25T00:00:00,Switzerland,OW,Obwalden,46.898509000000004,8.250681,,,,,27.0,2.0,,,,
2020-03-25T00:00:00,Switzerland,SG,St.Gallen,47.43162,9.39845,,,,,228.0,25.0,,1.0,,
2020-03-25T00:00:00,Switzerland,SH,Schaffhausen,47.713570000000004,8.59167,,,,,34.0,2.0,,,,
2020-03-25T00:00:00,Switzerland,SO,Solothurn,47.206649,7.516605,,,,,141.0,12.0,,1.0,,
2020-03-25T00:00:00,Switzerland,SZ,Schwyz,47.061787,8.756585000000001,,,,,99.0,19.0,,,,
2020-03-25T00:00:00,Switzerland,TG,Thurgau,47.55993,8.8998,,,,,96.0,9.0,,1.0,,
2020-03-25T00:00:00,Switzerland,TI,Ticino,46.009279,8.955575999999999,,,,,1354.0,143.0,,60.0,,
2020-03-25T00:00:00,Switzerland,UR,Uri,46.880421999999996,8.644409,,,,,31.0,6.0,,,,
2020-03-25T00:00:00,Switzerland,VD,Vaud,46.5369,6.58478,,,,,2215.0,47.0,,21.0,,
2020-03-25T00:00:00,Switzerland,VS,Valais,46.209567,7.604659,,,,,651.0,107.0,,14.0,,
2020-03-25T00:00:00,Switzerland,ZG,Zug,47.157296,8.537294000000001,,,,,80.0,8.0,,,,
2020-03-25T00:00:00,Switzerland,ZH,Zürich,47.451541999999996,8.564572,,,,,1363.0,152.0,,7.0,,
2020-03-26T00:00:00,Switzerland,AG,Aargau,47.449406,8.327494999999999,,,,,349.0,30.0,,2.0,,
2020-03-26T00:00:00,Switzerland,AI,Appenzell Innerrhoden,47.328414,9.409647,,,,,11.0,2.0,,,,
2020-03-26T00:00:00,Switzerland,AR,Appenzell Ausserrhoden,47.382709999999996,9.27186,,,,,42.0,8.0,,2.0,,
2020-03-26T00:00:00,Switzerland,BE,Bern,46.916667,7.466667,,,,,660.0,36.0,,7.0,,
2020-03-26T00:00:00,Switzerland,BL,Baselland,47.482779,7.742975,,,,,422.0,81.0,,5.0,,
2020-03-26T00:00:00,Switzerland,BS,Basel-Stadt,47.558395000000004,7.573271000000001,,,,,505.0,39.0,,12.0,,
2020-03-26T00:00:00,Switzerland,FR,Fribourg,46.718391,7.074008,,,,,309.0,16.0,,11.0,,
2020-03-26T00:00:00,Switzerland,GE,Genève,46.195602,6.1481129999999995,,,,,1743.0,35.0,,21.0,,
2020-03-26T00:00:00,Switzerland,GL,Glarus,47.04057,9.068036,,,,,43.0,3.0,,,,
2020-03-26T00:00:00,Switzerland,GR,Graubünden,46.796756,10.305946,,,,,373.0,51.0,,9.0,,
2020-03-26T00:00:00,Switzerland,JU,Jura,47.350744,7.156107,,,,,99.0,21.0,,,,
2020-03-26T00:00:00,Switzerland,LU,Luzern,47.083333,8.266667,,,,,253.0,25.0,,3.0,,
2020-03-26T00:00:00,Switzerland,NE,Neuchatel,46.995534,6.780125999999999,,,,,271.0,15.0,,5.0,,
2020-03-26T00:00:00,Switzerland,NW,Nidwalden,46.95805,8.36609,,,,,48.0,4.0,,,,
2020-03-26T00:00:00,Switzerland,OW,Obwalden,46.898509000000004,8.250681,,,,,,,,,,
2020-03-26T00:00:00,Switzerland,SG,St.Gallen,47.43162,9.39845,,,,,280.0,52.0,,2.0,,
2020-03-26T00:00:00,Switzerland,SH,Schaffhausen,47.713570000000004,8.59167,,,,,35.0,1.0,,,,
2020-03-26T00:00:00,Switzerland,SO,Solothurn,47.206649,7.516605,,,,,,,,1.0,,
2020-03-26T00:00:00,Switzerland,SZ,Schwyz,47.061787,8.756585000000001,,,,,99.0,0.0,,1.0,,
2020-03-26T00:00:00,Switzerland,TG,Thurgau,47.55993,8.8998,,,,,110.0,14.0,,1.0,,
2020-03-26T00:00:00,Switzerland,TI,Ticino,46.009279,8.955575999999999,,,,,1401.0,47.0,,67.0,,
2020-03-26T00:00:00,Switzerland,UR,Uri,46.880421999999996,8.644409,,,,,38.0,7.0,,,,
2020-03-26T00:00:00,Switzerland,VD,Vaud,46.5369,6.58478,,,,,,,,21.0,,
2020-03-26T00:00:00,Switzerland,VS,Valais,46.209567,7.604659,,,,,715.0,64.0,,15.0,,
2020-03-26T00:00:00,Switzerland,ZG,Zug,47.157296,8.537294000000001,,,,,87.0,7.0,,,,
2020-03-26T00:00:00,Switzerland,ZH,Zürich,47.451541999999996,8.564572,,,,,1476.0,113.0,,9.0,,
2020-03-27T00:00:00,Switzerland,AG,Aargau,47.449406,8.327494999999999,,,,,,,,2.0,,
2020-03-27T00:00:00,Switzerland,AI,Appenzell Innerrhoden,47.328414,9.409647,,,,,,,,,,
2020-03-27T00:00:00,Switzerland,AR,Appenzell Ausserrhoden,47.382709999999996,9.27186,,,,,43.0,1.0,,2.0,,
2020-03-27T00:00:00,Switzerland,BE,Bern,46.916667,7.466667,,,,,,,,7.0,,
2020-03-27T00:00:00,Switzerland,BL,Baselland,47.482779,7.742975,,,,,,,,5.0,,
2020-03-27T00:00:00,Switzerland,BS,Basel-Stadt,47.558395000000004,7.573271000000001,,,,,,,,12.0,,
2020-03-27T00:00:00,Switzerland,FR,Fribourg,46.718391,7.074008,,,,,,,,11.0,,
2020-03-27T00:00:00,Switzerland,GE,Genève,46.195602,6.1481129999999995,,,,,,,,21.0,,
2020-03-27T00:00:00,Switzerland,GL,Glarus,47.04057,9.068036,,,,,,,,,,
2020-03-27T00:00:00,Switzerland,GR,Graubünden,46.796756,10.305946,,,,,,,,9.0,,
2020-03-27T00:00:00,Switzerland,JU,Jura,47.350744,7.156107,,,,,,,,,,
2020-03-27T00:00:00,Switzerland,LU,Luzern,47.083333,8.266667,,,,,,,,3.0,,
2020-03-27T00:00:00,Switzerland,NE,Neuchatel,46.995534,6.780125999999999,,,,,,,,5.0,,
2020-03-27T00:00:00,Switzerland,NW,Nidwalden,46.95805,8.36609,,,,,,,,,,
2020-03-27T00:00:00,Switzerland,OW,Obwalden,46.898509000000004,8.250681,,,,,,,,,,
2020-03-27T00:00:00,Switzerland,SG,St.Gallen,47.43162,9.39845,,,,,,,,2.0,,
2020-03-27T00:00:00,Switzerland,SH,Schaffhausen,47.713570000000004,8.59167,,,,,36.0,1.0,,,,
2020-03-27T00:00:00,Switzerland,SO,Solothurn,47.206649,7.516605,,,,,,,,1.0,,
2020-03-27T00:00:00,Switzerland,SZ,Schwyz,47.061787,8.756585000000001,,,,,,,,1.0,,
2020-03-27T00:00:00,Switzerland,TG,Thurgau,47.55993,8.8998,,,,,,,,1.0,,
2020-03-27T00:00:00,Switzerland,TI,Ticino,46.009279,8.955575999999999,,,,,,,,67.0,,
2020-03-27T00:00:00,Switzerland,UR,Uri,46.880421999999996,8.644409,,,,,,,,,,
2020-03-27T00:00:00,Switzerland,VD,Vaud,46.5369,6.58478,,,,,,,,21.0,,
2020-03-27T00:00:00,Switzerland,VS,Valais,46.209567,7.604659,,,,,,,,15.0,,
2020-03-27T00:00:00,Switzerland,ZG,Zug,47.157296,8.537294000000001,,,,,94.0,7.0,,,,
2020-03-27T00:00:00,Switzerland,ZH,Zürich,47.451541999999996,8.564572,,,,,1578.0,102.0,,11.0,,
